"year","site_id","subsite_id","density"
1982,"a-k-01","b-k-01",2.53333333333333
1982,"a-k-02","b-k-02",27.6666666666667
1982,"a-k-03","b-k-03",26.525
1982,"a-k-04","b-k-04",14.7666666666667
1982,"a-k-06","b-k-06",16.2
1982,"a-k-07","b-k-07",6.06666666666667
1982,"a-k-08","b-k-08",8.33333333333333
1982,"a-k-09","b-k-09",7.9
1982,"a-k-11","b-k-11",7.9
1982,"a-k-12","b-k-12",8.13333333333333
1982,"a-k-13","b-k-13",3.43333333333333
1982,"a-k-14","b-k-14",22.2666666666667
1982,"a-k-15","b-k-15",51.8333333333333
1983,"a-k-01","b-k-01",2.108
1983,"a-k-02","b-k-02",15.1165
1983,"a-k-03","b-k-03",18.9255
1983,"a-k-04","b-k-04",8.591
1983,"a-k-05","b-k-05",5.9905
1983,"a-k-06","b-k-06",11.9905
1983,"a-k-07","b-k-07",4.5785
1983,"a-k-08","b-k-08",7.559
1983,"a-k-09","b-k-09",9.8585
1983,"a-k-11","b-k-11",4.2685
1983,"a-k-12","b-k-12",4.8595
1983,"a-k-13","b-k-13",3.2845
1983,"a-k-14","b-k-14",18.6485
1983,"a-k-15","b-k-15",31.3055
1984,"a-k-01","b-k-01",1.1735
1984,"a-k-02","b-k-02",13.619
1984,"a-k-03","b-k-03",23.6385
1984,"a-k-04","b-k-04",9.6595
1984,"a-k-05","b-k-05",8.795
1984,"a-k-06","b-k-06",10.5615
1984,"a-k-07","b-k-07",4.4385
1984,"a-k-08","b-k-08",11.2535
1984,"a-k-09","b-k-09",8.934
1984,"a-k-11","b-k-11",5.9635
1984,"a-k-12","b-k-12",6.5825
1984,"a-k-13","b-k-13",2.5685
1984,"a-k-14","b-k-14",13.6095
1984,"a-k-15","b-k-15",9.901
1985,"a-k-01","b-k-01",2.23984375
1985,"a-k-02","b-k-02",15.38515625
1985,"a-k-03","b-k-03",31.0328125
1985,"a-k-04","b-k-04",14.8171875
1985,"a-k-05","b-k-05",10.525
1985,"a-k-06","b-k-06",27.90703125
1985,"a-k-07","b-k-07",4.021875
1985,"a-k-08","b-k-08",10.78828125
1985,"a-k-09","b-k-09",9.03984375
1985,"a-k-11","b-k-11",5.8171875
1985,"a-k-12","b-k-12",6.125
1985,"a-k-13","b-k-13",2.57421875
1985,"a-k-14","b-k-14",24.65
1985,"a-k-15","b-k-15",25.13515625
1986,"a-k-01","b-k-01",4.18046875
1986,"a-k-02","b-k-02",38.81875
1986,"a-k-03","b-k-03",27.71953125
1986,"a-k-04","b-k-04",24.34375
1986,"a-k-05","b-k-05",26.93984375
1986,"a-k-06","b-k-06",57.03046875
1986,"a-k-07","b-k-07",8.515625
1986,"a-k-08","b-k-08",18.625
1986,"a-k-09","b-k-09",46.9703125
1986,"a-k-10","b-k-10",39.51484375
1986,"a-k-11","b-k-11",28.2625
1986,"a-k-12","b-k-12",9.1421875
1986,"a-k-13","b-k-13",3.09453125
1986,"a-k-14","b-k-14",71.40390625
1986,"a-k-15","b-k-15",101.9765625
1986,"a-k-16","b-k-16",9.20625
1987,"a-k-01","b-k-01",2.296875
1987,"a-k-02","b-k-02",18.03359375
1987,"a-k-03","b-k-03",25.05390625
1987,"a-k-04","b-k-04",8.6859375
1987,"a-k-05","b-k-05",9.6125
1987,"a-k-06","b-k-06",41.94921875
1987,"a-k-07","b-k-07",8.3359375
1987,"a-k-08","b-k-08",21.89140625
1987,"a-k-09","b-k-09",41.3609375
1987,"a-k-10","b-k-10",41.21796875
1987,"a-k-11","b-k-11",28.6234375
1987,"a-k-12","b-k-12",7.625
1987,"a-k-13","b-k-13",4.0015625
1987,"a-k-14","b-k-14",54.83671875
1987,"a-k-15","b-k-15",51.9578125
1987,"a-k-16","b-k-16",22.03203125
1988,"a-k-01","b-k-01",2.44453125
1988,"a-k-02","b-k-02",13.6546875
1988,"a-k-03","b-k-03",3.13984375
1988,"a-k-04","b-k-04",3.48515625
1988,"a-k-05","b-k-05",4.6078125
1988,"a-k-06","b-k-06",38.19375
1988,"a-k-07","b-k-07",8.0203125
1988,"a-k-08","b-k-08",9.28984375
1988,"a-k-09","b-k-09",33.2390625
1988,"a-k-10","b-k-10",28.5828125
1988,"a-k-11","b-k-11",32.7234375
1988,"a-k-12","b-k-12",7.30390625
1988,"a-k-13","b-k-13",5.2859375
1988,"a-k-14","b-k-14",70.44921875
1988,"a-k-15","b-k-15",34.77421875
1988,"a-k-16","b-k-16",34.0296875
1989,"a-k-01","b-k-01",3.1546875
1989,"a-k-02","b-k-02",13.0046875
1989,"a-k-03","b-k-03",5.66328125
1989,"a-k-04","b-k-04",8.7109375
1989,"a-k-05","b-k-05",6.7640625
1989,"a-k-06","b-k-06",49.92109375
1989,"a-k-07","b-k-07",9.31796875
1989,"a-k-08","b-k-08",9.55390625
1989,"a-k-09","b-k-09",39.51875
1989,"a-k-10","b-k-10",23.5734375
1989,"a-k-11","b-k-11",17.65078125
1989,"a-k-12","b-k-12",9.9625
1989,"a-k-13","b-k-13",4.61328125
1989,"a-k-14","b-k-14",74.4625
1989,"a-k-15","b-k-15",43.5046875
1989,"a-k-16","b-k-16",30.025
1990,"a-k-01","b-k-01",3.04765625
1990,"a-k-02","b-k-02",8.9390625
1990,"a-k-03","b-k-03",2.5375
1990,"a-k-04","b-k-04",9.78125
1990,"a-k-05","b-k-05",6.6640625
1990,"a-k-06","b-k-06",29.49609375
1990,"a-k-07","b-k-07",11.0921875
1990,"a-k-08","b-k-08",10.24375
1990,"a-k-09","b-k-09",34.86875
1990,"a-k-10","b-k-10",19.865625
1990,"a-k-11","b-k-11",22.9921875
1990,"a-k-12","b-k-12",8.27734375
1990,"a-k-13","b-k-13",2.340625
1990,"a-k-14","b-k-14",57.559375
1990,"a-k-15","b-k-15",44.9859375
1990,"a-k-16","b-k-16",29.046875
1991,"a-k-01","b-k-01",1.58515625
1991,"a-k-02","b-k-02",10.72109375
1991,"a-k-03","b-k-03",1.5296875
1991,"a-k-04","b-k-04",3.23671875
1991,"a-k-05","b-k-05",4.24921875
1991,"a-k-06","b-k-06",13.1984375
1991,"a-k-07","b-k-07",8.0140625
1991,"a-k-08","b-k-08",7.76953125
1991,"a-k-09","b-k-09",36.53671875
1991,"a-k-10","b-k-10",14.796875
1991,"a-k-11","b-k-11",11.30078125
1991,"a-k-12","b-k-12",4.4625
1991,"a-k-13","b-k-13",4.2890625
1991,"a-k-14","b-k-14",44.32109375
1991,"a-k-15","b-k-15",39.35546875
1991,"a-k-16","b-k-16",25.003125
1992,"a-k-01","b-k-01",2.8484375
1992,"a-k-02","b-k-02",7.74921875
1992,"a-k-03","b-k-03",1.02890625
1992,"a-k-04","b-k-04",2.92109375
1992,"a-k-05","b-k-05",4.20859375
1992,"a-k-06","b-k-06",10.98984375
1992,"a-k-07","b-k-07",6.03984375
1992,"a-k-08","b-k-08",4.13203125
1992,"a-k-09","b-k-09",28.6421875
1992,"a-k-10","b-k-10",3.2390625
1992,"a-k-11","b-k-11",8.19609375
1992,"a-k-12","b-k-12",4.8203125
1992,"a-k-13","b-k-13",2.80546875
1992,"a-k-14","b-k-14",29.6484375
1992,"a-k-15","b-k-15",39.3359375
1992,"a-k-16","b-k-16",23.834375
1993,"a-k-01","b-k-01",1.9328125
1993,"a-k-02","b-k-02",6.32578125
1993,"a-k-03","b-k-03",0.7984375
1993,"a-k-04","b-k-04",3.49921875
1993,"a-k-05","b-k-05",5.44296875
1993,"a-k-06","b-k-06",15.28671875
1993,"a-k-07","b-k-07",4.74453125
1993,"a-k-08","b-k-08",3.29140625
1993,"a-k-09","b-k-09",27.61484375
1993,"a-k-10","b-k-10",2.63828125
1993,"a-k-11","b-k-11",12.0328125
1993,"a-k-12","b-k-12",5.04296875
1993,"a-k-13","b-k-13",4.0203125
1993,"a-k-14","b-k-14",15.675
1993,"a-k-15","b-k-15",5.890625
1993,"a-k-16","b-k-16",5.84609375
1994,"a-k-01","b-k-01",2.4359375
1994,"a-k-02","b-k-02",8.73984375
1994,"a-k-03","b-k-03",1.71875
1994,"a-k-04","b-k-04",2.84140625
1994,"a-k-05","b-k-05",3.578125
1994,"a-k-06","b-k-06",12.01015625
1994,"a-k-07","b-k-07",5.4390625
1994,"a-k-08","b-k-08",20.765625
1994,"a-k-09","b-k-09",25.7078125
1994,"a-k-10","b-k-10",2.75546875
1994,"a-k-11","b-k-11",13.128125
1994,"a-k-12","b-k-12",7.64375
1994,"a-k-13","b-k-13",3.99453125
1994,"a-k-14","b-k-14",51.27109375
1994,"a-k-15","b-k-15",16.6609375
1994,"a-k-16","b-k-16",7.26328125
1995,"a-k-01","b-k-01",1.75208333333333
1995,"a-k-02","b-k-02",10.9533854166667
1995,"a-k-03","b-k-03",1.35807291666667
1995,"a-k-04","b-k-04",3.28046875
1995,"a-k-05","b-k-05",7.49244791666667
1995,"a-k-06","b-k-06",25.0653645833333
1995,"a-k-07","b-k-07",11.8109375
1995,"a-k-08","b-k-08",31.13984375
1995,"a-k-09","b-k-09",33.4997395833333
1995,"a-k-10","b-k-10",8.51328125
1995,"a-k-11","b-k-11",38.28203125
1995,"a-k-12","b-k-12",11.6197916666667
1995,"a-k-13","b-k-13",5.86640625
1995,"a-k-14","b-k-14",72.8127604166667
1995,"a-k-15","b-k-15",93.4375
1995,"a-k-16","b-k-16",16.75703125
1996,"a-k-01","b-k-01",0.517234848484848
1996,"a-k-02","b-k-02",3.94715909090909
1996,"a-k-03","b-k-03",0.666287878787879
1996,"a-k-04","b-k-04",1.67973484848485
1996,"a-k-05","b-k-05",2.03011363636364
1996,"a-k-06","b-k-06",10.1770833333333
1996,"a-k-07","b-k-07",8.29185606060606
1996,"a-k-08","b-k-08",12.9149621212121
1996,"a-k-09","b-k-09",16.2200757575758
1996,"a-k-10","b-k-10",3.37727272727273
1996,"a-k-11","b-k-11",10.3621212121212
1996,"a-k-12","b-k-12",4.03674242424242
1996,"a-k-13","b-k-13",2.35189393939394
1996,"a-k-14","b-k-14",16.7297348484848
1996,"a-k-15","b-k-15",27.4422348484848
1996,"a-k-16","b-k-16",7.19507575757576
1997,"a-k-01","b-k-01",0.999431818181818
1997,"a-k-02","b-k-02",4.88049242424242
1997,"a-k-03","b-k-03",0.891098484848485
1997,"a-k-04","b-k-04",1.33030303030303
1997,"a-k-05","b-k-05",2.84753787878788
1997,"a-k-06","b-k-06",11.3734848484848
1997,"a-k-07","b-k-07",6.26818181818182
1997,"a-k-08","b-k-08",10.0679924242424
1997,"a-k-09","b-k-09",14.3200757575758
1997,"a-k-10","b-k-10",3.90719696969697
1997,"a-k-11","b-k-11",8.38276515151515
1997,"a-k-12","b-k-12",3.56174242424242
1997,"a-k-13","b-k-13",2.24185606060606
1997,"a-k-14","b-k-14",12.5977272727273
1997,"a-k-15","b-k-15",17.2797348484848
1997,"a-k-16","b-k-16",12.1715909090909
1998,"a-k-01","b-k-01",1.56988636363636
1998,"a-k-02","b-k-02",4.47689393939394
1998,"a-k-03","b-k-03",7.03996212121212
1998,"a-k-04","b-k-04",2.31022727272727
1998,"a-k-05","b-k-05",4.49810606060606
1998,"a-k-06","b-k-06",10.563446969697
1998,"a-k-07","b-k-07",4.40189393939394
1998,"a-k-08","b-k-08",7.92613636363636
1998,"a-k-09","b-k-09",9.37140151515151
1998,"a-k-10","b-k-10",3.76098484848485
1998,"a-k-11","b-k-11",7.87386363636364
1998,"a-k-12","b-k-12",3.39393939393939
1998,"a-k-13","b-k-13",1.85378787878788
1998,"a-k-14","b-k-14",6.97878787878788
1998,"a-k-15","b-k-15",6.35246212121212
1998,"a-k-16","b-k-16",3.54507575757576
1999,"a-k-01","b-k-01",2.18996212121212
1999,"a-k-02","b-k-02",7.9780303030303
1999,"a-k-03","b-k-03",9.04583333333333
1999,"a-k-04","b-k-04",3.57518939393939
1999,"a-k-05","b-k-05",8.09128787878788
1999,"a-k-06","b-k-06",20.224053030303
1999,"a-k-07","b-k-07",7.83390151515152
1999,"a-k-08","b-k-08",9.84602272727273
1999,"a-k-09","b-k-09",9.4592803030303
1999,"a-k-10","b-k-10",14.6405303030303
1999,"a-k-11","b-k-11",22.8214015151515
1999,"a-k-12","b-k-12",5.46969696969697
1999,"a-k-13","b-k-13",2.88371212121212
1999,"a-k-14","b-k-14",16.4797348484848
1999,"a-k-15","b-k-15",20.5598484848485
1999,"a-k-16","b-k-16",3.53996212121212
1999,"a-p-01","b-p-002",15.92
1999,"a-p-04","b-p-008",2.88888888888889
1999,"a-p-04","b-p-009",1.61111111111111
1999,"a-p-04","b-p-010",3.95833333333333
1999,"a-p-08","b-p-020",0.280952380952381
1999,"a-p-08","b-p-021",0.24
1999,"a-p-14","b-p-028",0.1625
1999,"a-p-14","b-p-029",0.791666666666667
1999,"a-p-19","b-p-036",7.54722222222222
1999,"a-p-19","b-p-037",0.0777777777777778
1999,"a-p-22","b-p-040",36.4694444444444
1999,"a-p-22","b-p-041",22.9958333333333
1999,"a-p-24","b-p-044",0.191666666666667
1999,"a-p-24","b-p-045",0.0791666666666667
1999,"a-p-25","b-p-049",1.41111111111111
1999,"a-p-25","b-p-050",1.21944444444444
2000,"a-k-01","b-k-01",3.11931818181818
2000,"a-k-02","b-k-02",12.963446969697
2000,"a-k-03","b-k-03",24.8780303030303
2000,"a-k-04","b-k-04",4.97670454545455
2000,"a-k-05","b-k-05",12.1306818181818
2000,"a-k-06","b-k-06",27.5409090909091
2000,"a-k-07","b-k-07",13.0003787878788
2000,"a-k-08","b-k-08",12.6020833333333
2000,"a-k-09","b-k-09",32.5520833333333
2000,"a-k-10","b-k-10",21.1918560606061
2000,"a-k-11","b-k-11",24.2185606060606
2000,"a-k-12","b-k-12",4.47878787878788
2000,"a-k-13","b-k-13",3.075
2000,"a-k-14","b-k-14",25.6840909090909
2000,"a-k-15","b-k-15",40.6793560606061
2000,"a-k-16","b-k-16",6.91117424242424
2000,"a-l-04","b-l-04",6.344375
2000,"a-l-05","b-l-05",51.74875
2000,"a-l-09","b-l-09",34.9025
2000,"a-p-04","b-p-008",11.8734567901235
2000,"a-p-04","b-p-009",14.4634615384615
2000,"a-p-04","b-p-010",15.8333333333333
2000,"a-p-06","b-p-014",30.1508333333333
2000,"a-p-06","b-p-015",55.4885620915033
2000,"a-p-14","b-p-028",30.5796296296296
2000,"a-p-14","b-p-029",16.4928571428571
2000,"a-p-19","b-p-036",2.41346153846154
2000,"a-p-19","b-p-037",1.18666666666667
2000,"a-p-22","b-p-040",46.5967105263158
2000,"a-p-24","b-p-044",1.86590909090909
2000,"a-p-24","b-p-045",1.62536231884058
2000,"a-p-25","b-p-046",4.41666666666667
2000,"a-p-25","b-p-049",4.34375
2000,"a-p-25","b-p-050",11.4612903225806
2000,"a-p-36","b-p-074",139.154166666667
2000,"a-p-36","b-p-075",84.6086419753086
2000,"a-p-36","b-p-076",633.87380952381
2000,"a-p-39","b-p-082",22.7826388888889
2000,"a-p-39","b-p-083",21.6910256410256
2000,"a-p-39","b-p-085",92.1958333333333
2001,"a-k-01","b-k-01",3.71174242424242
2001,"a-k-02","b-k-02",7.52481060606061
2001,"a-k-03","b-k-03",2.71912878787879
2001,"a-k-04","b-k-04",6.64034090909091
2001,"a-k-05","b-k-05",3.74128787878788
2001,"a-k-06","b-k-06",11.9611742424242
2001,"a-k-07","b-k-07",11.0698863636364
2001,"a-k-08","b-k-08",15.9051136363636
2001,"a-k-09","b-k-09",31.8835227272727
2001,"a-k-10","b-k-10",15.9941287878788
2001,"a-k-11","b-k-11",13.1149621212121
2001,"a-k-12","b-k-12",4.63371212121212
2001,"a-k-13","b-k-13",4.15549242424242
2001,"a-k-14","b-k-14",7.98484848484848
2001,"a-k-15","b-k-15",28.1356060606061
2001,"a-k-16","b-k-16",6.98825757575758
2001,"a-k-21","b-k-21",0.43203125
2001,"a-l-01","b-l-01",0.335
2001,"a-l-02","b-l-02",7.31
2001,"a-l-03","b-l-03",9.823
2001,"a-l-04","b-l-04",7.25333333333333
2001,"a-l-05","b-l-05",30.34125
2001,"a-l-06","b-l-06",34.2525
2001,"a-l-07","b-l-07",2.2075
2001,"a-l-08","b-l-08",16.795
2001,"a-l-09","b-l-09",20.45625
2001,"a-p-04","b-p-008",16.9785714285714
2001,"a-p-04","b-p-009",11.2450617283951
2001,"a-p-04","b-p-010",29.7285714285714
2001,"a-p-06","b-p-014",62.6761904761905
2001,"a-p-06","b-p-015",25.2863636363636
2001,"a-p-06","b-p-016",136.589285714286
2001,"a-p-14","b-p-028",5.28611111111111
2001,"a-p-14","b-p-029",4.12121212121212
2001,"a-p-19","b-p-036",2.00789473684211
2001,"a-p-19","b-p-037",2.01086956521739
2001,"a-p-22","b-p-040",34.220281124498
2001,"a-p-24","b-p-044",2.67424242424242
2001,"a-p-24","b-p-045",1.44047619047619
2001,"a-p-25","b-p-049",3.19705882352941
2001,"a-p-25","b-p-050",3.66190476190476
2001,"a-p-34","b-p-070",5.35138888888889
2001,"a-p-34","b-p-071",12.5977777777778
2001,"a-p-36","b-p-074",20.6267857142857
2001,"a-p-36","b-p-075",12.1448717948718
2001,"a-p-36","b-p-076",81.1848484848485
2001,"a-p-39","b-p-082",17.2983870967742
2001,"a-p-39","b-p-085",91.7357142857143
2001,"a-p-45","b-p-096",0.933333333333333
2001,"a-p-45","b-p-097",21.194696969697
2001,"a-p-67","b-p-138",1.56984126984127
2002,"a-k-01","b-k-01",2.58598484848485
2002,"a-k-02","b-k-02",5.95890151515152
2002,"a-k-03","b-k-03",0.940151515151515
2002,"a-k-04","b-k-04",1.41022727272727
2002,"a-k-05","b-k-05",3.86401515151515
2002,"a-k-06","b-k-06",1.52215909090909
2002,"a-k-07","b-k-07",10.1325757575758
2002,"a-k-08","b-k-08",12.8681818181818
2002,"a-k-09","b-k-09",25.1560606060606
2002,"a-k-10","b-k-10",9.54715909090909
2002,"a-k-11","b-k-11",7.8467803030303
2002,"a-k-12","b-k-12",3.02026515151515
2002,"a-k-13","b-k-13",3.18806818181818
2002,"a-k-14","b-k-14",1.99261363636364
2002,"a-k-15","b-k-15",30.3306818181818
2002,"a-k-16","b-k-16",6.99753787878788
2002,"a-k-21","b-k-21",8.20902777777778
2002,"a-l-01","b-l-01",0.11
2002,"a-l-02","b-l-02",1.99
2002,"a-l-03","b-l-03",0.66875
2002,"a-l-04","b-l-04",9.16
2002,"a-l-05","b-l-05",34.216875
2002,"a-l-06","b-l-06",2.0525
2002,"a-l-07","b-l-07",2.0775
2002,"a-l-08","b-l-08",9.5575
2002,"a-l-09","b-l-09",13.55875
2002,"a-p-04","b-p-008",15.9934523809524
2002,"a-p-04","b-p-009",20.9765432098765
2002,"a-p-04","b-p-010",21.4696428571429
2002,"a-p-06","b-p-014",63.2220238095238
2002,"a-p-06","b-p-015",75.8886904761905
2002,"a-p-06","b-p-016",121.399382716049
2002,"a-p-14","b-p-028",9.54343434343434
2002,"a-p-14","b-p-029",9.75677083333333
2002,"a-p-19","b-p-036",1.04583333333333
2002,"a-p-19","b-p-037",0.755
2002,"a-p-22","b-p-040",21.0752136752137
2002,"a-p-22","b-p-041",13.2585365853659
2002,"a-p-24","b-p-044",3.05933333333333
2002,"a-p-24","b-p-045",1.82204301075269
2002,"a-p-25","b-p-047",1.76888888888889
2002,"a-p-25","b-p-051",2.35810810810811
2002,"a-p-34","b-p-070",10.0136904761905
2002,"a-p-34","b-p-071",14.5594444444444
2002,"a-p-36","b-p-074",109.41875
2002,"a-p-36","b-p-075",8.56666666666667
2002,"a-p-36","b-p-076",39.4863095238095
2002,"a-p-39","b-p-082",28.7886363636364
2002,"a-p-39","b-p-083",43.3
2002,"a-p-39","b-p-085",142.444047619048
2002,"a-p-45","b-p-097",2.24222222222222
2002,"a-p-45","b-p-098",9.64365079365079
2003,"a-k-01","b-k-01",2.91344696969697
2003,"a-k-02","b-k-02",1.87859848484848
2003,"a-k-03","b-k-03",1.25776515151515
2003,"a-k-04","b-k-04",2.76685606060606
2003,"a-k-05","b-k-05",1.84905303030303
2003,"a-k-06","b-k-06",0.896780303030303
2003,"a-k-07","b-k-07",2.5907196969697
2003,"a-k-08","b-k-08",9.60909090909091
2003,"a-k-09","b-k-09",21.2375
2003,"a-k-10","b-k-10",0.915340909090909
2003,"a-k-11","b-k-11",4.18977272727273
2003,"a-k-12","b-k-12",2.70530303030303
2003,"a-k-13","b-k-13",2.76344696969697
2003,"a-k-14","b-k-14",1.82954545454545
2003,"a-k-15","b-k-15",4.56912878787879
2003,"a-k-16","b-k-16",1.86496212121212
2003,"a-k-17","b-k-17",0.688636363636364
2003,"a-k-18","b-k-18",0.420454545454545
2003,"a-k-19","b-k-19",1.09526515151515
2003,"a-k-20","b-k-20",0.4875
2003,"a-k-21","b-k-21",3.36212121212121
2003,"a-l-01","b-l-01",0.0025
2003,"a-l-02","b-l-02",5.3725
2003,"a-l-03","b-l-03",1.4425
2003,"a-l-04","b-l-04",1.37666666666667
2003,"a-l-05","b-l-05",24.060625
2003,"a-l-06","b-l-06",2.5225
2003,"a-l-07","b-l-07",1.7975
2003,"a-l-08","b-l-08",7.7575
2003,"a-l-09","b-l-09",6.1325
2003,"a-p-04","b-p-008",17.6380952380952
2003,"a-p-04","b-p-009",16.7233333333333
2003,"a-p-04","b-p-010",28.6541666666667
2003,"a-p-06","b-p-014",47.0160714285714
2003,"a-p-06","b-p-015",44.3897435897436
2003,"a-p-06","b-p-016",88.1314102564103
2003,"a-p-07","b-p-017",30.9261904761905
2003,"a-p-07","b-p-018",39.3952380952381
2003,"a-p-07","b-p-019",44.1934523809524
2003,"a-p-14","b-p-028",5.0231884057971
2003,"a-p-14","b-p-029",3.69597701149425
2003,"a-p-19","b-p-036",1.29880952380952
2003,"a-p-19","b-p-037",0.677777777777778
2003,"a-p-24","b-p-044",1.71212121212121
2003,"a-p-24","b-p-045",3.10777777777778
2003,"a-p-25","b-p-049",1.63333333333333
2003,"a-p-25","b-p-050",3.24880952380952
2003,"a-p-34","b-p-070",10.9341666666667
2003,"a-p-34","b-p-071",3.02698412698413
2003,"a-p-36","b-p-074",7.76428571428571
2003,"a-p-36","b-p-075",1.86212121212121
2003,"a-p-36","b-p-076",9.862
2003,"a-p-38","b-p-079",6.64583333333333
2003,"a-p-38","b-p-080",3.1125
2003,"a-p-39","b-p-082",13.3666666666667
2003,"a-p-39","b-p-083",21.3717948717949
2003,"a-p-39","b-p-085",52.35
2003,"a-p-45","b-p-096",5.21277777777778
2003,"a-p-45","b-p-098",17.2661290322581
2003,"a-p-47","b-p-101",2.14444444444444
2003,"a-p-48","b-p-102",4.29444444444444
2003,"a-p-51","b-p-107",6.78333333333333
2003,"a-p-51","b-p-108",5.61666666666667
2003,"a-p-52","b-p-110",6.39444444444444
2003,"a-p-54","b-p-114",5.56388888888889
2003,"a-p-55","b-p-115",3.59444444444444
2003,"a-p-55","b-p-116",11.8777777777778
2003,"a-p-55","b-p-117",3.94722222222222
2003,"a-p-57","b-p-121",0.847222222222222
2003,"a-p-63","b-p-132",1.975
2003,"a-p-64","b-p-133",2.8952380952381
2003,"a-p-64","b-p-134",1.29166666666667
2004,"a-k-01","b-k-01",2.84261363636364
2004,"a-k-02","b-k-02",4.29715909090909
2004,"a-k-03","b-k-03",1.08901515151515
2004,"a-k-04","b-k-04",1.30454545454545
2004,"a-k-05","b-k-05",1.85056818181818
2004,"a-k-06","b-k-06",1.02613636363636
2004,"a-k-07","b-k-07",1.22651515151515
2004,"a-k-08","b-k-08",8.76742424242424
2004,"a-k-09","b-k-09",12.5685606060606
2004,"a-k-10","b-k-10",1.64564393939394
2004,"a-k-11","b-k-11",3.63011363636364
2004,"a-k-12","b-k-12",2.67518939393939
2004,"a-k-13","b-k-13",1.99034090909091
2004,"a-k-14","b-k-14",9.02973484848485
2004,"a-k-15","b-k-15",22.8117424242424
2004,"a-k-16","b-k-16",17.3810606060606
2004,"a-k-17","b-k-17",1.21969696969697
2004,"a-k-18","b-k-18",0.400757575757576
2004,"a-k-19","b-k-19",0.82405303030303
2004,"a-k-20","b-k-20",0.72594696969697
2004,"a-k-21","b-k-21",2.81912878787879
2004,"a-l-01","b-l-01",0.0525
2004,"a-l-02","b-l-02",4.0975
2004,"a-l-03","b-l-03",2.53333333333333
2004,"a-l-04","b-l-04",1.01
2004,"a-l-05","b-l-05",16.54375
2004,"a-l-06","b-l-06",5.1825
2004,"a-l-07","b-l-07",1.535
2004,"a-l-08","b-l-08",9.625
2004,"a-l-09","b-l-09",7.8675
2004,"a-l-10","b-l-10",2.45384615384615
2004,"a-l-11","b-l-11",21.0433333333333
2004,"a-p-04","b-p-008",12.2426666666667
2004,"a-p-04","b-p-009",8.08472222222222
2004,"a-p-04","b-p-010",14.9259259259259
2004,"a-p-06","b-p-014",2.64375
2004,"a-p-06","b-p-015",24.6763888888889
2004,"a-p-06","b-p-016",85.8142857142857
2004,"a-p-07","b-p-017",21.8901515151515
2004,"a-p-07","b-p-018",24.8882716049383
2004,"a-p-07","b-p-019",20.9833333333333
2004,"a-p-14","b-p-028",3.03611111111111
2004,"a-p-14","b-p-029",3.9484375
2004,"a-p-19","b-p-036",1.86833333333333
2004,"a-p-19","b-p-037",1.89487179487179
2004,"a-p-24","b-p-044",4.27413793103448
2004,"a-p-24","b-p-045",2.9671568627451
2004,"a-p-25","b-p-049",4.38846153846154
2004,"a-p-25","b-p-050",7.12095238095238
2004,"a-p-33","b-p-068",18.7458333333333
2004,"a-p-33","b-p-069",26.560162601626
2004,"a-p-34","b-p-070",4.84814814814815
2004,"a-p-34","b-p-071",7.00533333333333
2004,"a-p-35","b-p-072",3.29537037037037
2004,"a-p-35","b-p-073",5.32901234567901
2004,"a-p-36","b-p-074",20.1375
2004,"a-p-36","b-p-075",11.545
2004,"a-p-36","b-p-076",55.70625
2004,"a-p-38","b-p-079",37.4470238095238
2004,"a-p-38","b-p-080",26.5636904761905
2004,"a-p-38","b-p-081",26.3481481481481
2004,"a-p-39","b-p-082",10.2681818181818
2004,"a-p-39","b-p-083",11.0570512820513
2004,"a-p-39","b-p-085",42.5364197530864
2004,"a-p-42","b-p-090",35.3666666666667
2004,"a-p-42","b-p-091",11.5376543209877
2004,"a-p-44","b-p-093",5.85714285714286
2004,"a-p-44","b-p-094",3.85833333333333
2004,"a-p-44","b-p-095",11.3127450980392
2004,"a-p-45","b-p-096",6.98333333333333
2004,"a-p-45","b-p-098",2.70119047619048
2004,"a-p-47","b-p-100",1.20277777777778
2004,"a-p-47","b-p-101",5.76379310344828
2004,"a-p-48","b-p-102",5.28978494623656
2004,"a-p-48","b-p-103",64.7800925925926
2004,"a-p-50","b-p-105",18.4267676767677
2004,"a-p-50","b-p-106",14.1772222222222
2004,"a-p-52","b-p-109",16.4309523809524
2004,"a-p-52","b-p-110",4.00238095238095
2005,"a-k-01","b-k-01",1.12007575757576
2005,"a-k-02","b-k-02",3.48011363636364
2005,"a-k-03","b-k-03",0.495265151515151
2005,"a-k-04","b-k-04",1.07272727272727
2005,"a-k-05","b-k-05",1.97424242424242
2005,"a-k-06","b-k-06",1.12424242424242
2005,"a-k-07","b-k-07",0.928787878787879
2005,"a-k-08","b-k-08",7.43617424242424
2005,"a-k-09","b-k-09",11.6727272727273
2005,"a-k-10","b-k-10",1.09204545454545
2005,"a-k-11","b-k-11",4.05397727272727
2005,"a-k-12","b-k-12",2.14280303030303
2005,"a-k-13","b-k-13",1.33541666666667
2005,"a-k-14","b-k-14",6.0655303030303
2005,"a-k-15","b-k-15",24.875946969697
2005,"a-k-16","b-k-16",20.5227272727273
2005,"a-k-21","b-k-21",2.93560606060606
2005,"a-k-22","b-k-22",0.843371212121212
2005,"a-k-23","b-k-23",2.89318181818182
2005,"a-k-24","b-k-24",0.641856060606061
2005,"a-k-25","b-k-25",0.634848484848485
2005,"a-k-26","b-k-26",8.06799242424242
2005,"a-k-27","b-k-27",8.66060606060606
2005,"a-k-28","b-k-28",10.4276515151515
2005,"a-k-29","b-k-29",5.40246212121212
2005,"a-k-30","b-k-30",15.4043560606061
2005,"a-k-31","b-k-31",2.49261363636364
2005,"a-k-32","b-k-32",24.0793560606061
2005,"a-k-33","b-k-33",1.9032196969697
2005,"a-k-34","b-k-34",5.51136363636364
2005,"a-k-35","b-k-35",23.1492424242424
2005,"a-k-36","b-k-36",5.98806818181818
2005,"a-k-37","b-k-37",7.50170454545455
2005,"a-l-01","b-l-01",0.2625
2005,"a-l-02","b-l-02",1.1675
2005,"a-l-03","b-l-03",2.05083333333333
2005,"a-l-04","b-l-04",2.24333333333333
2005,"a-l-05","b-l-05",13.018125
2005,"a-l-06","b-l-06",1.5775
2005,"a-l-07","b-l-07",1.625
2005,"a-l-08","b-l-08",20.4475
2005,"a-l-09","b-l-09",6.490625
2005,"a-l-10","b-l-10",2.84375
2005,"a-l-11","b-l-11",28.7625
2005,"a-p-04","b-p-008",7.05138888888889
2005,"a-p-04","b-p-009",18.396
2005,"a-p-04","b-p-010",11.6384615384615
2005,"a-p-06","b-p-014",15.5148148148148
2005,"a-p-06","b-p-015",15.6012820512821
2005,"a-p-06","b-p-016",45.3240740740741
2005,"a-p-07","b-p-017",16.8769230769231
2005,"a-p-07","b-p-018",18.3363095238095
2005,"a-p-07","b-p-019",28.8771929824561
2005,"a-p-14","b-p-028",0.904166666666667
2005,"a-p-14","b-p-029",1.70681818181818
2005,"a-p-19","b-p-036",1.53823529411765
2005,"a-p-19","b-p-037",1.18333333333333
2005,"a-p-24","b-p-044",1.82592592592593
2005,"a-p-24","b-p-045",1.66228070175439
2005,"a-p-33","b-p-068",13.1407407407407
2005,"a-p-33","b-p-069",22.8710526315789
2005,"a-p-34","b-p-070",4.07051282051282
2005,"a-p-34","b-p-071",3.30666666666667
2005,"a-p-35","b-p-072",3.98115942028986
2005,"a-p-35","b-p-073",3.58020833333333
2005,"a-p-36","b-p-074",10.1746376811594
2005,"a-p-36","b-p-075",6.15185185185185
2005,"a-p-36","b-p-076",20.0561728395062
2005,"a-p-38","b-p-079",8.08630952380952
2005,"a-p-38","b-p-080",30.991975308642
2005,"a-p-38","b-p-081",16.119696969697
2005,"a-p-39","b-p-082",33.1888888888889
2005,"a-p-39","b-p-083",20.3086419753086
2005,"a-p-39","b-p-085",26.3625
2005,"a-p-42","b-p-090",26.2939393939394
2005,"a-p-42","b-p-091",16.3603448275862
2005,"a-p-44","b-p-093",7.9
2005,"a-p-44","b-p-094",3.75104166666667
2005,"a-p-44","b-p-095",17.2148148148148
2005,"a-p-45","b-p-096",4.3
2005,"a-p-45","b-p-098",4.26851851851852
2005,"a-p-47","b-p-100",0.694444444444444
2005,"a-p-47","b-p-101",4.13055555555556
2005,"a-p-48","b-p-102",1.57638888888889
2005,"a-p-48","b-p-103",42.0869791666667
2005,"a-p-50","b-p-105",19.3991452991453
2005,"a-p-50","b-p-106",15.2181818181818
2005,"a-p-52","b-p-109",5.24712643678161
2005,"a-p-52","b-p-110",9.60902777777778
2005,"a-p-53","b-p-111",3.99722222222222
2005,"a-p-53","b-p-112",6.025
2005,"a-p-56","b-p-118",1.48333333333333
2005,"a-p-56","b-p-119",3.15833333333333
2005,"a-p-59","b-p-123",1.51111111111111
2005,"a-p-59","b-p-124",0.146666666666667
2005,"a-p-63","b-p-131",7.42222222222222
2005,"a-p-63","b-p-132",1.81666666666667
2006,"a-k-01","b-k-01",1.61704545454545
2006,"a-k-02","b-k-02",6.20284090909091
2006,"a-k-03","b-k-03",1.14109848484848
2006,"a-k-04","b-k-04",1.28806818181818
2006,"a-k-05","b-k-05",2.83674242424242
2006,"a-k-06","b-k-06",1.38503787878788
2006,"a-k-07","b-k-07",0.829734848484848
2006,"a-k-08","b-k-08",4.93863636363636
2006,"a-k-09","b-k-09",12.1736742424242
2006,"a-k-10","b-k-10",3.55151515151515
2006,"a-k-11","b-k-11",5.21117424242424
2006,"a-k-12","b-k-12",3.33674242424242
2006,"a-k-13","b-k-13",1.97310606060606
2006,"a-k-14","b-k-14",4.12329545454545
2006,"a-k-15","b-k-15",26.0263257575758
2006,"a-k-16","b-k-16",13.4079545454545
2006,"a-k-21","b-k-21",1.92518939393939
2006,"a-k-22","b-k-22",1.03181818181818
2006,"a-k-23","b-k-23",2.80795454545455
2006,"a-k-24","b-k-24",0.591666666666667
2006,"a-k-25","b-k-25",0.544886363636364
2006,"a-k-26","b-k-26",6.53465909090909
2006,"a-k-27","b-k-27",10.3806818181818
2006,"a-k-28","b-k-28",10.7284090909091
2006,"a-k-29","b-k-29",4.64356060606061
2006,"a-k-30","b-k-30",20.3035984848485
2006,"a-k-31","b-k-31",2.73882575757576
2006,"a-k-32","b-k-32",25.6738636363636
2006,"a-k-33","b-k-33",2.65473484848485
2006,"a-k-34","b-k-34",19.2227272727273
2006,"a-k-35","b-k-35",24.8672348484848
2006,"a-k-36","b-k-36",5.38049242424242
2006,"a-k-37","b-k-37",8.29375
2006,"a-l-01","b-l-01",0.0525
2006,"a-l-02","b-l-02",0.2175
2006,"a-l-03","b-l-03",1.66333333333333
2006,"a-l-04","b-l-04",1.83
2006,"a-l-05","b-l-05",12.19
2006,"a-l-06","b-l-06",0.4575
2006,"a-l-07","b-l-07",1.8725
2006,"a-l-08","b-l-08",12.175
2006,"a-l-09","b-l-09",8.77962962962963
2006,"a-l-10","b-l-10",3.205
2006,"a-l-11","b-l-11",29.24
2006,"a-p-04","b-p-008",6.694
2006,"a-p-04","b-p-009",4.71049382716049
2006,"a-p-04","b-p-010",8.11049382716049
2006,"a-p-06","b-p-014",15.8519230769231
2006,"a-p-06","b-p-015",12.6716049382716
2006,"a-p-06","b-p-016",35.4346153846154
2006,"a-p-07","b-p-017",21.7070512820513
2006,"a-p-07","b-p-018",23.4452380952381
2006,"a-p-07","b-p-019",11.6590909090909
2006,"a-p-14","b-p-028",1.15166666666667
2006,"a-p-14","b-p-029",0.511111111111111
2006,"a-p-19","b-p-036",0.777777777777778
2006,"a-p-19","b-p-037",0.466666666666667
2006,"a-p-24","b-p-044",2.1
2006,"a-p-24","b-p-045",1.77555555555556
2006,"a-p-33","b-p-068",21.9341666666667
2006,"a-p-33","b-p-069",21.6996031746032
2006,"a-p-34","b-p-070",6.02634408602151
2006,"a-p-34","b-p-071",4.93238095238095
2006,"a-p-35","b-p-072",5.03978494623656
2006,"a-p-35","b-p-073",5.51025641025641
2006,"a-p-36","b-p-074",5.18070175438597
2006,"a-p-36","b-p-075",4.52391304347826
2006,"a-p-36","b-p-076",15.7205128205128
2006,"a-p-38","b-p-079",25.0160714285714
2006,"a-p-38","b-p-080",21.3375
2006,"a-p-38","b-p-081",15.0172619047619
2006,"a-p-39","b-p-082",17.2315476190476
2006,"a-p-39","b-p-083",13.774
2006,"a-p-39","b-p-085",21.5357142857143
2006,"a-p-42","b-p-090",25.3901709401709
2006,"a-p-42","b-p-091",14.5371794871795
2006,"a-p-44","b-p-093",5.2
2006,"a-p-44","b-p-094",9.39561403508772
2006,"a-p-44","b-p-095",19.6833333333333
2006,"a-p-45","b-p-096",3.33229166666667
2006,"a-p-45","b-p-098",4.08428571428571
2006,"a-p-47","b-p-100",2.67847222222222
2006,"a-p-47","b-p-101",3.60729166666667
2006,"a-p-48","b-p-102",3.88166666666667
2006,"a-p-48","b-p-103",11.5050505050505
2006,"a-p-50","b-p-105",17.7893162393162
2006,"a-p-50","b-p-106",7.55619047619048
2006,"a-p-52","b-p-109",2.70416666666667
2006,"a-p-52","b-p-110",2.52873563218391
2007,"a-k-01","b-k-01",1.23958333333333
2007,"a-k-02","b-k-02",5.31666666666667
2007,"a-k-03","b-k-03",0.798106060606061
2007,"a-k-04","b-k-04",1.36496212121212
2007,"a-k-05","b-k-05",2.0875
2007,"a-k-06","b-k-06",2.07878787878788
2007,"a-k-07","b-k-07",1.12462121212121
2007,"a-k-08","b-k-08",4.20681818181818
2007,"a-k-09","b-k-09",12.0782196969697
2007,"a-k-10","b-k-10",1.3155303030303
2007,"a-k-11","b-k-11",5.42424242424242
2007,"a-k-12","b-k-12",2.31723484848485
2007,"a-k-13","b-k-13",1.87405303030303
2007,"a-k-14","b-k-14",4.33390151515152
2007,"a-k-15","b-k-15",26.7496212121212
2007,"a-k-16","b-k-16",14.3596590909091
2007,"a-k-21","b-k-21",2.43049242424242
2007,"a-k-22","b-k-22",1.92481060606061
2007,"a-k-23","b-k-23",3.61685606060606
2007,"a-k-24","b-k-24",1.13522727272727
2007,"a-k-25","b-k-25",1.23806818181818
2007,"a-k-26","b-k-26",7.22632575757576
2007,"a-k-27","b-k-27",9.64128787878788
2007,"a-k-28","b-k-28",9.02405303030303
2007,"a-k-29","b-k-29",5.21799242424242
2007,"a-k-30","b-k-30",16.3551136363636
2007,"a-k-31","b-k-31",4.13768939393939
2007,"a-k-32","b-k-32",18.0297348484848
2007,"a-k-33","b-k-33",1.64015151515152
2007,"a-k-34","b-k-34",12.6981060606061
2007,"a-k-35","b-k-35",25.3318181818182
2007,"a-k-36","b-k-36",5.65208333333333
2007,"a-k-37","b-k-37",7.59526515151515
2007,"a-l-01","b-l-01",0.135
2007,"a-l-02","b-l-02",0.835
2007,"a-l-03","b-l-03",5.72
2007,"a-l-04","b-l-04",2.495
2007,"a-l-05","b-l-05",10.544375
2007,"a-l-06","b-l-06",1.58
2007,"a-l-07","b-l-07",6.23
2007,"a-l-08","b-l-08",12.85
2007,"a-l-09","b-l-09",13.22875
2007,"a-l-10","b-l-10",11.5275
2007,"a-l-11","b-l-11",91.46
2007,"a-p-01","b-p-001",19.1833333333333
2007,"a-p-01","b-p-002",6.15833333333333
2007,"a-p-01","b-p-003",27.1333333333333
2007,"a-p-03","b-p-005",32.9273333333333
2007,"a-p-03","b-p-006",50.4839285714286
2007,"a-p-03","b-p-007",13.6115384615385
2007,"a-p-04","b-p-008",7.40476190476191
2007,"a-p-04","b-p-009",10.924358974359
2007,"a-p-04","b-p-010",11.8474358974359
2007,"a-p-05","b-p-011",24.025
2007,"a-p-05","b-p-012",20.1083333333333
2007,"a-p-05","b-p-013",35.4041666666667
2007,"a-p-06","b-p-014",9.66929824561404
2007,"a-p-06","b-p-015",5.85952380952381
2007,"a-p-06","b-p-016",34.4077380952381
2007,"a-p-07","b-p-017",16.774358974359
2007,"a-p-07","b-p-018",32.1306666666667
2007,"a-p-07","b-p-019",22.381746031746
2007,"a-p-14","b-p-028",13.618018018018
2007,"a-p-14","b-p-029",2.953125
2007,"a-p-19","b-p-036",3.72888888888889
2007,"a-p-19","b-p-037",1.66296296296296
2007,"a-p-22","b-p-040",8.19791666666667
2007,"a-p-22","b-p-041",18.127380952381
2007,"a-p-22","b-p-042",17.6882716049383
2007,"a-p-32","b-p-066",20.4780487804878
2007,"a-p-32","b-p-067",17.2726851851852
2007,"a-p-33","b-p-068",8.31025641025641
2007,"a-p-33","b-p-069",11.8013888888889
2007,"a-p-34","b-p-070",8.64080459770115
2007,"a-p-34","b-p-071",3.75196078431373
2007,"a-p-35","b-p-072",7.16142857142857
2007,"a-p-35","b-p-073",4.99607843137255
2007,"a-p-36","b-p-074",7.175
2007,"a-p-36","b-p-075",3.22692307692308
2007,"a-p-36","b-p-076",5.73888888888889
2007,"a-p-37","b-p-077",29.0906504065041
2007,"a-p-37","b-p-078",15.9123015873016
2007,"a-p-38","b-p-079",19.0987179487179
2007,"a-p-38","b-p-080",15.8464285714286
2007,"a-p-38","b-p-081",6.98260869565217
2007,"a-p-39","b-p-082",5.3551282051282
2007,"a-p-39","b-p-083",4.846875
2007,"a-p-39","b-p-085",9.17530864197531
2007,"a-p-40","b-p-086",23.1956349206349
2007,"a-p-40","b-p-087",46.1539682539683
2007,"a-p-41","b-p-088",27.7817073170732
2007,"a-p-41","b-p-089",18.0104166666667
2007,"a-p-42","b-p-090",38.6025641025641
2007,"a-p-42","b-p-091",13.6083333333333
2007,"a-p-43","b-p-092",9.41190476190476
2007,"a-p-44","b-p-093",27.4525
2007,"a-p-44","b-p-094",7.54506172839506
2007,"a-p-44","b-p-095",45.5738095238095
2007,"a-p-45","b-p-096",5.92142857142857
2007,"a-p-45","b-p-098",2.44583333333333
2007,"a-p-47","b-p-100",1.5804347826087
2007,"a-p-47","b-p-101",4.13333333333333
2007,"a-p-48","b-p-102",9.85576923076923
2007,"a-p-48","b-p-103",14.9725225225225
2007,"a-p-50","b-p-105",7.16788617886179
2007,"a-p-50","b-p-106",3.41111111111111
2007,"a-p-52","b-p-109",2.58666666666667
2007,"a-p-52","b-p-110",1.72628205128205
2007,"a-p-56","b-p-118",8.38095238095238
2007,"a-p-56","b-p-119",22.6833333333333
2007,"a-p-57","b-p-120",8.49649122807017
2007,"a-p-57","b-p-121",20.4201149425287
2007,"a-p-59","b-p-123",2.75444444444444
2007,"a-p-59","b-p-124",2.30061728395062
2007,"a-p-60","b-p-125",3.21285714285714
2007,"a-p-60","b-p-126",2.04385964912281
2007,"a-p-64","b-p-133",20.3033333333333
2007,"a-p-64","b-p-134",27.1061904761905
2007,"a-p-65","b-p-135",6.37440476190476
2007,"a-p-65","b-p-136",7.25095238095238
2008,"a-k-01","b-k-01",0.832007575757576
2008,"a-k-02","b-k-02",5.58068181818182
2008,"a-k-03","b-k-03",0.499431818181818
2008,"a-k-04","b-k-04",2.41155303030303
2008,"a-k-05","b-k-05",6.31628787878788
2008,"a-k-06","b-k-06",2.37443181818182
2008,"a-k-07","b-k-07",1.16231060606061
2008,"a-k-08","b-k-08",6.80662878787879
2008,"a-k-09","b-k-09",9.2125
2008,"a-k-10","b-k-10",4.05757575757576
2008,"a-k-11","b-k-11",4.76420454545455
2008,"a-k-12","b-k-12",2.29431818181818
2008,"a-k-13","b-k-13",1.36496212121212
2008,"a-k-14","b-k-14",9.01799242424242
2008,"a-k-15","b-k-15",40.8
2008,"a-k-16","b-k-16",28.0657196969697
2008,"a-k-21","b-k-21",2.90416666666667
2008,"a-k-22","b-k-22",2.24867424242424
2008,"a-k-23","b-k-23",4.7092803030303
2008,"a-k-24","b-k-24",1.18503787878788
2008,"a-k-25","b-k-25",1.04507575757576
2008,"a-k-26","b-k-26",7.88674242424242
2008,"a-k-27","b-k-27",6.65246212121212
2008,"a-k-28","b-k-28",9.66893939393939
2008,"a-k-29","b-k-29",5.21439393939394
2008,"a-k-30","b-k-30",19.9861742424242
2008,"a-k-31","b-k-31",13.6352272727273
2008,"a-k-32","b-k-32",21.5494318181818
2008,"a-k-33","b-k-33",2.69318181818182
2008,"a-k-34","b-k-34",12.457196969697
2008,"a-k-35","b-k-35",26.9979166666667
2008,"a-k-36","b-k-36",6.37386363636364
2008,"a-k-37","b-k-37",7.25037878787879
2008,"a-l-01","b-l-01",0.1825
2008,"a-l-02","b-l-02",5.22
2008,"a-l-03","b-l-03",7.52916666666667
2008,"a-l-04","b-l-04",2.71666666666667
2008,"a-l-05","b-l-05",10.3425
2008,"a-l-06","b-l-06",2.0925
2008,"a-l-07","b-l-07",10.3825
2008,"a-l-08","b-l-08",9.6075
2008,"a-l-09","b-l-09",23.574375
2008,"a-l-10","b-l-10",10.47
2008,"a-l-11","b-l-11",16.035
2008,"a-p-03","b-p-005",13.0166666666667
2008,"a-p-03","b-p-006",55.1833333333333
2008,"a-p-03","b-p-007",16.6625
2008,"a-p-04","b-p-008",4.40833333333333
2008,"a-p-04","b-p-009",4.325
2008,"a-p-04","b-p-010",5.06666666666667
2008,"a-p-05","b-p-011",17.5857142857143
2008,"a-p-05","b-p-012",15.7891304347826
2008,"a-p-05","b-p-013",12.4518518518519
2008,"a-p-06","b-p-014",41.5173076923077
2008,"a-p-06","b-p-015",24.863768115942
2008,"a-p-06","b-p-016",65.472619047619
2008,"a-p-07","b-p-017",9.07083333333333
2008,"a-p-07","b-p-018",23.6916666666667
2008,"a-p-07","b-p-019",6.925
2008,"a-p-14","b-p-028",0.280555555555556
2008,"a-p-14","b-p-029",0.161111111111111
2008,"a-p-19","b-p-036",0.33
2008,"a-p-19","b-p-037",0.888888888888889
2008,"a-p-22","b-p-040",13.1982142857143
2008,"a-p-22","b-p-041",9.04880952380952
2008,"a-p-22","b-p-042",20.1666666666667
2008,"a-p-33","b-p-068",18.7361111111111
2008,"a-p-33","b-p-069",28.2277777777778
2008,"a-p-34","b-p-070",5.03620689655172
2008,"a-p-34","b-p-071",6.46363636363636
2008,"a-p-35","b-p-072",13.5666666666667
2008,"a-p-35","b-p-073",5.44095238095238
2008,"a-p-36","b-p-074",9.803125
2008,"a-p-36","b-p-075",11.9383333333333
2008,"a-p-36","b-p-076",13.2593333333333
2008,"a-p-38","b-p-079",28.0333333333333
2008,"a-p-38","b-p-080",7.8125
2008,"a-p-38","b-p-081",21.2625
2008,"a-p-39","b-p-082",15.2510416666667
2008,"a-p-39","b-p-083",7.95083333333333
2008,"a-p-39","b-p-085",17.1493827160494
2008,"a-p-42","b-p-090",17.2916666666667
2008,"a-p-42","b-p-091",15.7920833333333
2008,"a-p-43","b-p-092",9.63611111111111
2008,"a-p-44","b-p-093",15.2641666666667
2008,"a-p-44","b-p-094",8.7125
2008,"a-p-44","b-p-095",43.8642857142857
2008,"a-p-45","b-p-096",4.78611111111111
2008,"a-p-45","b-p-098",1.10833333333333
2008,"a-p-47","b-p-100",2.23508771929825
2008,"a-p-47","b-p-101",2.45289855072464
2008,"a-p-48","b-p-102",4.01666666666667
2008,"a-p-48","b-p-103",8.14722222222222
2008,"a-p-50","b-p-105",10.9615384615385
2008,"a-p-50","b-p-106",4.74195402298851
2008,"a-p-52","b-p-109",3.36111111111111
2008,"a-p-52","b-p-110",3.18611111111111
2008,"a-p-56","b-p-118",5.26666666666667
2008,"a-p-56","b-p-119",4.74722222222222
2008,"a-p-57","b-p-120",1.06388888888889
2008,"a-p-57","b-p-121",0.941666666666667
2008,"a-p-59","b-p-123",1.89444444444444
2008,"a-p-59","b-p-124",2
2008,"a-p-60","b-p-125",3.46388888888889
2008,"a-p-60","b-p-126",2.91111111111111
2008,"a-p-64","b-p-133",1.33214285714286
2008,"a-p-64","b-p-134",2.4469696969697
2009,"a-k-01","b-k-01",1.38352272727273
2009,"a-k-02","b-k-02",4.69886363636364
2009,"a-k-03","b-k-03",0.833901515151515
2009,"a-k-04","b-k-04",2.38181818181818
2009,"a-k-05","b-k-05",5.09356060606061
2009,"a-k-06","b-k-06",1.87575757575758
2009,"a-k-07","b-k-07",0.870075757575758
2009,"a-k-08","b-k-08",0.946590909090909
2009,"a-k-09","b-k-09",13.1126893939394
2009,"a-k-10","b-k-10",5.26950757575758
2009,"a-k-11","b-k-11",4.69791666666667
2009,"a-k-12","b-k-12",1.60511363636364
2009,"a-k-13","b-k-13",1.64962121212121
2009,"a-k-14","b-k-14",7.84583333333333
2009,"a-k-15","b-k-15",40.4988636363636
2009,"a-k-16","b-k-16",39.8138257575758
2009,"a-k-21","b-k-21",2.20681818181818
2009,"a-k-22","b-k-22",4.36496212121212
2009,"a-k-23","b-k-23",6.22272727272727
2009,"a-k-24","b-k-24",1.96723484848485
2009,"a-k-25","b-k-25",1.94185606060606
2009,"a-k-26","b-k-26",9.63106060606061
2009,"a-k-27","b-k-27",7.60094696969697
2009,"a-k-28","b-k-28",6.03314393939394
2009,"a-k-29","b-k-29",4.77651515151515
2009,"a-k-30","b-k-30",24.0755681818182
2009,"a-k-31","b-k-31",7.50170454545455
2009,"a-k-32","b-k-32",31.5066287878788
2009,"a-k-33","b-k-33",10.1693181818182
2009,"a-k-34","b-k-34",15.8405303030303
2009,"a-k-35","b-k-35",17.8507575757576
2009,"a-k-36","b-k-36",7.74772727272727
2009,"a-k-37","b-k-37",3.95492424242424
2009,"a-l-01","b-l-01",0.27
2009,"a-l-02","b-l-02",6.96
2009,"a-l-03","b-l-03",11.7175
2009,"a-l-04","b-l-04",4.85666666666667
2009,"a-l-05","b-l-05",22.029375
2009,"a-l-06","b-l-06",1.545
2009,"a-l-07","b-l-07",26.645
2009,"a-l-08","b-l-08",13.3175
2009,"a-l-09","b-l-09",18.784375
2009,"a-l-10","b-l-10",6.2425
2009,"a-l-11","b-l-11",24.5575
2009,"a-p-01","b-p-001",16.4077380952381
2009,"a-p-01","b-p-002",9.74513888888889
2009,"a-p-01","b-p-003",998.411111111111
2009,"a-p-03","b-p-005",23.5538461538462
2009,"a-p-03","b-p-006",64.1803571428571
2009,"a-p-03","b-p-007",18.7198717948718
2009,"a-p-04","b-p-008",13.750641025641
2009,"a-p-04","b-p-009",10.9963768115942
2009,"a-p-04","b-p-010",7.21410256410256
2009,"a-p-05","b-p-011",21.8851851851852
2009,"a-p-05","b-p-012",14.2923611111111
2009,"a-p-05","b-p-013",28.3728395061728
2009,"a-p-06","b-p-014",52.3660714285714
2009,"a-p-06","b-p-015",20.1724358974359
2009,"a-p-06","b-p-016",84.3988095238095
2009,"a-p-07","b-p-017",11.6907407407407
2009,"a-p-07","b-p-018",20.6538461538462
2009,"a-p-07","b-p-019",21.5480769230769
2009,"a-p-14","b-p-028",6.05765765765766
2009,"a-p-14","b-p-029",1.77708333333333
2009,"a-p-18","b-p-034",15.475
2009,"a-p-18","b-p-035",13.0444444444444
2009,"a-p-19","b-p-036",1.47666666666667
2009,"a-p-19","b-p-037",5.66927083333333
2009,"a-p-22","b-p-040",15.4865384615385
2009,"a-p-22","b-p-041",18.1141025641026
2009,"a-p-22","b-p-042",19.4897435897436
2009,"a-p-24","b-p-044",2.27666666666667
2009,"a-p-24","b-p-045",1.96234567901235
2009,"a-p-32","b-p-066",24.0198412698413
2009,"a-p-32","b-p-067",11.8076576576577
2009,"a-p-33","b-p-068",8.65128205128205
2009,"a-p-33","b-p-069",13.3064102564103
2009,"a-p-34","b-p-070",6.5525641025641
2009,"a-p-34","b-p-071",6.42904761904762
2009,"a-p-35","b-p-072",22.6171171171171
2009,"a-p-35","b-p-073",7.85882352941176
2009,"a-p-36","b-p-074",7.66666666666667
2009,"a-p-36","b-p-075",6.75320512820513
2009,"a-p-36","b-p-076",10.8981481481481
2009,"a-p-37","b-p-077",23.7875
2009,"a-p-37","b-p-078",26.1288617886179
2009,"a-p-38","b-p-079",39.7565476190476
2009,"a-p-38","b-p-080",43.0347826086957
2009,"a-p-38","b-p-081",31.935119047619
2009,"a-p-39","b-p-082",21.5484848484848
2009,"a-p-39","b-p-083",20.1986111111111
2009,"a-p-39","b-p-085",22.2020833333333
2009,"a-p-40","b-p-086",12.834126984127
2009,"a-p-40","b-p-087",14.7436507936508
2009,"a-p-41","b-p-088",51.2563492063492
2009,"a-p-41","b-p-089",24.9923076923077
2009,"a-p-42","b-p-090",52.8706349206349
2009,"a-p-42","b-p-091",13.8102564102564
2009,"a-p-43","b-p-092",11.2015151515152
2009,"a-p-44","b-p-093",5.20217391304348
2009,"a-p-44","b-p-094",2.97222222222222
2009,"a-p-44","b-p-095",34.4961538461538
2009,"a-p-45","b-p-096",6.8045045045045
2009,"a-p-45","b-p-098",4.58921568627451
2009,"a-p-47","b-p-100",1.99479166666667
2009,"a-p-47","b-p-101",4.24655172413793
2009,"a-p-48","b-p-102",2.81089743589744
2009,"a-p-48","b-p-103",5.10913978494624
2009,"a-p-50","b-p-105",6.4703125
2009,"a-p-50","b-p-106",5.25277777777778
2009,"a-p-52","b-p-109",3.64382716049383
2009,"a-p-52","b-p-110",2.35144927536232
2009,"a-p-56","b-p-118",14.0036036036036
2009,"a-p-56","b-p-119",15.1077380952381
2009,"a-p-57","b-p-120",11.1482142857143
2009,"a-p-57","b-p-121",4.08684210526316
2009,"a-p-59","b-p-123",10.2419540229885
2009,"a-p-59","b-p-124",16.4196581196581
2009,"a-p-60","b-p-125",15.4883333333333
2009,"a-p-60","b-p-126",10.1600877192982
2009,"a-p-64","b-p-133",23.0809523809524
2009,"a-p-64","b-p-134",43.3410714285714
2009,"a-p-65","b-p-135",4.77990196078431
2009,"a-p-65","b-p-136",7.01759259259259
2009,"a-p-66","b-p-137",2.28819444444444
2009,"a-p-68","b-p-139",1.34649122807018
2010,"a-k-01","b-k-01",0.957575757575758
2010,"a-k-02","b-k-02",4.12916666666667
2010,"a-k-03","b-k-03",1.85340909090909
2010,"a-k-04","b-k-04",2.95284090909091
2010,"a-k-05","b-k-05",3.71609848484849
2010,"a-k-06","b-k-06",3.10227272727273
2010,"a-k-07","b-k-07",1.23522727272727
2010,"a-k-08","b-k-08",5.91155303030303
2010,"a-k-09","b-k-09",11.2285984848485
2010,"a-k-10","b-k-10",3.78200757575758
2010,"a-k-11","b-k-11",4.70719696969697
2010,"a-k-12","b-k-12",2.12291666666667
2010,"a-k-13","b-k-13",2.03068181818182
2010,"a-k-14","b-k-14",6.54545454545455
2010,"a-k-15","b-k-15",38.4
2010,"a-k-16","b-k-16",12.2659090909091
2010,"a-k-21","b-k-21",2.19393939393939
2010,"a-k-22","b-k-22",3.77518939393939
2010,"a-k-23","b-k-23",10.2751893939394
2010,"a-k-24","b-k-24",2.1217803030303
2010,"a-k-25","b-k-25",3.71912878787879
2010,"a-k-26","b-k-26",5.13882575757576
2010,"a-k-27","b-k-27",5.23257575757576
2010,"a-k-28","b-k-28",4.70454545454545
2010,"a-k-29","b-k-29",6.25511363636364
2010,"a-k-30","b-k-30",23.2912878787879
2010,"a-k-31","b-k-31",11.4763257575758
2010,"a-k-32","b-k-32",37.511553030303
2010,"a-k-33","b-k-33",11.1988636363636
2010,"a-k-34","b-k-34",17.025946969697
2010,"a-k-35","b-k-35",14.9439393939394
2010,"a-k-36","b-k-36",8.52026515151515
2010,"a-k-37","b-k-37",3.19128787878788
2010,"a-l-01","b-l-01",0.0125
2010,"a-l-02","b-l-02",6.105
2010,"a-l-03","b-l-03",10.0633333333333
2010,"a-l-04","b-l-04",2.42833333333333
2010,"a-l-05","b-l-05",22.9425
2010,"a-l-06","b-l-06",4.5925
2010,"a-l-07","b-l-07",99.73
2010,"a-l-08","b-l-08",16.245
2010,"a-l-09","b-l-09",17.60125
2010,"a-l-10","b-l-10",6.44
2010,"a-l-11","b-l-11",17.11
2010,"a-p-04","b-p-008",2.07083333333333
2010,"a-p-04","b-p-009",3.5375
2010,"a-p-04","b-p-010",6.05833333333333
2010,"a-p-05","b-p-011",39.4958333333333
2010,"a-p-05","b-p-012",16.9220238095238
2010,"a-p-05","b-p-013",47.1067901234568
2010,"a-p-06","b-p-014",18.0452380952381
2010,"a-p-06","b-p-015",15.2488095238095
2010,"a-p-06","b-p-016",61.5815476190476
2010,"a-p-07","b-p-017",13.875
2010,"a-p-07","b-p-018",15.9375
2010,"a-p-07","b-p-019",9.0375
2010,"a-p-09","b-p-022",11.7358585858586
2010,"a-p-09","b-p-023",7.7130081300813
2010,"a-p-10","b-p-024",50.0564814814815
2010,"a-p-14","b-p-028",0.852777777777778
2010,"a-p-14","b-p-029",0.472222222222222
2010,"a-p-15","b-p-030",5.96274509803922
2010,"a-p-16","b-p-031",4.3375
2010,"a-p-17","b-p-032",14.0111111111111
2010,"a-p-17","b-p-033",8.58611111111111
2010,"a-p-18","b-p-034",17.4833333333333
2010,"a-p-18","b-p-035",8.7
2010,"a-p-19","b-p-036",1.13888888888889
2010,"a-p-19","b-p-037",0.783333333333333
2010,"a-p-20","b-p-038",4.06929824561403
2010,"a-p-21","b-p-039",3.6
2010,"a-p-22","b-p-040",34.0964285714286
2010,"a-p-22","b-p-041",36.33125
2010,"a-p-22","b-p-042",222.5125
2010,"a-p-23","b-p-043",10.3994949494949
2010,"a-p-32","b-p-066",22.4472222222222
2010,"a-p-32","b-p-067",14.3222222222222
2010,"a-p-33","b-p-068",16.8416666666667
2010,"a-p-33","b-p-069",22.5722222222222
2010,"a-p-34","b-p-070",4.72541666666667
2010,"a-p-34","b-p-071",13.8314814814815
2010,"a-p-35","b-p-072",22.9370967741935
2010,"a-p-35","b-p-073",8.01260162601626
2010,"a-p-36","b-p-074",6.8297619047619
2010,"a-p-36","b-p-075",4.70757575757576
2010,"a-p-36","b-p-076",14.5392857142857
2010,"a-p-38","b-p-079",27.7875
2010,"a-p-38","b-p-080",6.64166666666667
2010,"a-p-38","b-p-081",14.7375
2010,"a-p-39","b-p-082",28.6474358974359
2010,"a-p-39","b-p-083",22.975641025641
2010,"a-p-39","b-p-085",26.0827160493827
2010,"a-p-42","b-p-090",34.1711382113821
2010,"a-p-42","b-p-091",15.6833333333333
2010,"a-p-44","b-p-093",10.5631944444444
2010,"a-p-44","b-p-094",9.45289855072464
2010,"a-p-44","b-p-095",30.6777777777778
2010,"a-p-45","b-p-096",6.30555555555556
2010,"a-p-45","b-p-098",1.275
2010,"a-p-47","b-p-100",1.85555555555556
2010,"a-p-47","b-p-101",5.96138211382114
2010,"a-p-48","b-p-102",7.30495495495495
2010,"a-p-48","b-p-103",19.4873983739837
2010,"a-p-50","b-p-105",30.577380952381
2010,"a-p-50","b-p-106",12.2866666666667
2010,"a-p-52","b-p-109",3.28464912280702
2010,"a-p-52","b-p-110",3.01
2010,"a-p-57","b-p-120",1.6
2010,"a-p-57","b-p-121",2.44166666666667
2010,"a-p-60","b-p-125",2.73888888888889
2010,"a-p-60","b-p-126",44.2731884057971
2010,"a-p-64","b-p-133",56.9988095238095
2010,"a-p-64","b-p-134",104.849593495935
2011,"a-k-01","b-k-01",1.57348484848485
2011,"a-k-02","b-k-02",6.43731060606061
2011,"a-k-03","b-k-03",0.843939393939394
2011,"a-k-04","b-k-04",3.11231060606061
2011,"a-k-05","b-k-05",4.04943181818182
2011,"a-k-06","b-k-06",13.3342803030303
2011,"a-k-07","b-k-07",3.22537878787879
2011,"a-k-08","b-k-08",8.00189393939394
2011,"a-k-09","b-k-09",19.4405303030303
2011,"a-k-10","b-k-10",10.9117424242424
2011,"a-k-11","b-k-11",5.06912878787879
2011,"a-k-12","b-k-12",2.28314393939394
2011,"a-k-13","b-k-13",3.54393939393939
2011,"a-k-14","b-k-14",14.9104166666667
2011,"a-k-15","b-k-15",40.2145833333333
2011,"a-k-16","b-k-16",25.4229166666667
2011,"a-k-21","b-k-21",2.02840909090909
2011,"a-k-22","b-k-22",5.43257575757576
2011,"a-k-23","b-k-23",7.43977272727273
2011,"a-k-24","b-k-24",2.23125
2011,"a-k-25","b-k-25",4.27310606060606
2011,"a-k-26","b-k-26",4.72253787878788
2011,"a-k-27","b-k-27",13.3064393939394
2011,"a-k-28","b-k-28",5.77462121212121
2011,"a-k-29","b-k-29",11.2825757575758
2011,"a-k-30","b-k-30",45.1484848484848
2011,"a-k-31","b-k-31",21.5689393939394
2011,"a-k-32","b-k-32",36.7693181818182
2011,"a-k-33","b-k-33",7.67424242424242
2011,"a-k-34","b-k-34",24.9848484848485
2011,"a-k-35","b-k-35",17.2935606060606
2011,"a-k-36","b-k-36",15.6700757575758
2011,"a-k-37","b-k-37",5.13674242424242
2011,"a-l-01","b-l-01",0.11
2011,"a-l-02","b-l-02",3.33
2011,"a-l-03","b-l-03",8.22166666666667
2011,"a-l-04","b-l-04",1.57166666666667
2011,"a-l-05","b-l-05",16.1725
2011,"a-l-06","b-l-06",3.095
2011,"a-l-07","b-l-07",67.453
2011,"a-l-08","b-l-08",7.605
2011,"a-l-09","b-l-09",8.244375
2011,"a-l-10","b-l-10",6.1675
2011,"a-l-11","b-l-11",23.095
2011,"a-p-04","b-p-008",1.7125
2011,"a-p-04","b-p-009",3.90416666666667
2011,"a-p-04","b-p-010",4.38333333333333
2011,"a-p-05","b-p-011",28.5583333333333
2011,"a-p-05","b-p-012",42.6541666666667
2011,"a-p-05","b-p-013",37.1541666666667
2011,"a-p-06","b-p-014",15.0958333333333
2011,"a-p-06","b-p-015",13.2916666666667
2011,"a-p-06","b-p-016",23.675
2011,"a-p-07","b-p-017",30.5291666666667
2011,"a-p-07","b-p-018",15.8375
2011,"a-p-07","b-p-019",15.1416666666667
2011,"a-p-09","b-p-022",4.09166666666667
2011,"a-p-09","b-p-023",13.1555555555556
2011,"a-p-10","b-p-024",0.541666666666667
2011,"a-p-14","b-p-028",0.469444444444444
2011,"a-p-14","b-p-029",0.4
2011,"a-p-15","b-p-030",19.8527777777778
2011,"a-p-16","b-p-031",7
2011,"a-p-17","b-p-032",21.1027777777778
2011,"a-p-17","b-p-033",5.90833333333333
2011,"a-p-18","b-p-034",25.8694444444444
2011,"a-p-18","b-p-035",10.1611111111111
2011,"a-p-19","b-p-036",0.658333333333333
2011,"a-p-19","b-p-037",0.752777777777778
2011,"a-p-20","b-p-038",4.95277777777778
2011,"a-p-21","b-p-039",1.48055555555556
2011,"a-p-22","b-p-040",12.6541666666667
2011,"a-p-22","b-p-041",7.5375
2011,"a-p-22","b-p-042",10.5125
2011,"a-p-23","b-p-043",18.8055555555556
2011,"a-p-32","b-p-066",13.6583333333333
2011,"a-p-32","b-p-067",17.2
2011,"a-p-33","b-p-068",28.2555555555556
2011,"a-p-33","b-p-069",32.3416666666667
2011,"a-p-34","b-p-070",13.3805555555556
2011,"a-p-34","b-p-071",26.8861111111111
2011,"a-p-35","b-p-072",20.2694444444444
2011,"a-p-35","b-p-073",19.85
2011,"a-p-36","b-p-074",7.67083333333333
2011,"a-p-36","b-p-075",14.275
2011,"a-p-36","b-p-076",14.4375
2011,"a-p-38","b-p-079",22.2708333333333
2011,"a-p-38","b-p-080",12.5541666666667
2011,"a-p-38","b-p-081",16.0333333333333
2011,"a-p-39","b-p-082",4.87083333333333
2011,"a-p-39","b-p-083",18.5666666666667
2011,"a-p-39","b-p-085",9.71666666666667
2011,"a-p-42","b-p-090",17.9333333333333
2011,"a-p-42","b-p-091",20.8777777777778
2011,"a-p-44","b-p-093",10.475
2011,"a-p-44","b-p-094",6.43333333333333
2011,"a-p-44","b-p-095",14.7291666666667
2011,"a-p-45","b-p-096",9.31388888888889
2011,"a-p-45","b-p-098",2.33611111111111
2011,"a-p-47","b-p-100",0.583333333333333
2011,"a-p-47","b-p-101",1.64444444444444
2011,"a-p-48","b-p-102",5.19166666666667
2011,"a-p-48","b-p-103",5.91666666666667
2011,"a-p-50","b-p-105",15.7388888888889
2011,"a-p-50","b-p-106",14.2777777777778
2011,"a-p-52","b-p-109",5.57777777777778
2011,"a-p-52","b-p-110",3.475
2011,"a-p-57","b-p-120",2.93611111111111
2011,"a-p-57","b-p-121",2.39166666666667
2011,"a-p-60","b-p-125",4.63611111111111
2011,"a-p-60","b-p-126",4.49166666666667
2011,"a-p-64","b-p-133",5.18611111111111
2011,"a-p-64","b-p-134",15.4416666666667
2012,"a-k-01","b-k-01",1.61761363636364
2012,"a-k-02","b-k-02",6.10984848484848
2012,"a-k-03","b-k-03",1.20511363636364
2012,"a-k-04","b-k-04",2.31704545454545
2012,"a-k-05","b-k-05",4.57784090909091
2012,"a-k-06","b-k-06",9.85189393939394
2012,"a-k-07","b-k-07",2.67992424242424
2012,"a-k-08","b-k-08",10.7829545454545
2012,"a-k-09","b-k-09",24.5632575757576
2012,"a-k-10","b-k-10",2.22140151515151
2012,"a-k-11","b-k-11",4.36647727272727
2012,"a-k-12","b-k-12",2.17954545454545
2012,"a-k-13","b-k-13",1.38409090909091
2012,"a-k-14","b-k-14",8.18920454545455
2012,"a-k-15","b-k-15",27.4878787878788
2012,"a-k-16","b-k-16",18.8149621212121
2012,"a-k-21","b-k-21",2.26685606060606
2012,"a-k-22","b-k-22",3.09715909090909
2012,"a-k-23","b-k-23",4.28882575757576
2012,"a-k-24","b-k-24",3.07765151515152
2012,"a-k-25","b-k-25",3.30492424242424
2012,"a-k-26","b-k-26",8.32897727272727
2012,"a-k-27","b-k-27",7.87064393939394
2012,"a-k-28","b-k-28",8.95094696969697
2012,"a-k-29","b-k-29",15.157196969697
2012,"a-k-30","b-k-30",34.6816287878788
2012,"a-k-31","b-k-31",25.8729166666667
2012,"a-k-32","b-k-32",19.8361742424242
2012,"a-k-33","b-k-33",1.96969696969697
2012,"a-k-34","b-k-34",25.8545454545455
2012,"a-k-35","b-k-35",8.51060606060606
2012,"a-k-36","b-k-36",10.0248106060606
2012,"a-k-37","b-k-37",4.17121212121212
2012,"a-l-01","b-l-01",0.16
2012,"a-l-02","b-l-02",2.5175
2012,"a-l-03","b-l-03",5.2025
2012,"a-l-04","b-l-04",0.243333333333333
2012,"a-l-05","b-l-05",17.181875
2012,"a-l-06","b-l-06",1.7425
2012,"a-l-07","b-l-07",32.8614285714286
2012,"a-l-08","b-l-08",10.7275
2012,"a-l-09","b-l-09",9.4575
2012,"a-l-10","b-l-10",22.7875
2012,"a-l-11","b-l-11",20.1
2012,"a-p-04","b-p-008",2.01666666666667
2012,"a-p-04","b-p-009",5.30416666666667
2012,"a-p-04","b-p-010",4.27083333333333
2012,"a-p-05","b-p-011",16.9916666666667
2012,"a-p-05","b-p-012",19.0416666666667
2012,"a-p-05","b-p-013",22.7166666666667
2012,"a-p-06","b-p-014",18.1666666666667
2012,"a-p-06","b-p-015",8.11666666666667
2012,"a-p-06","b-p-016",20.0541666666667
2012,"a-p-07","b-p-017",18.0666666666667
2012,"a-p-07","b-p-018",19.0125
2012,"a-p-07","b-p-019",14.6916666666667
2012,"a-p-09","b-p-022",2.8
2012,"a-p-09","b-p-023",7.17222222222222
2012,"a-p-10","b-p-024",0.572222222222222
2012,"a-p-14","b-p-028",0.305555555555556
2012,"a-p-14","b-p-029",0.391666666666667
2012,"a-p-15","b-p-030",15.6861111111111
2012,"a-p-16","b-p-031",9.4
2012,"a-p-17","b-p-032",11.1166666666667
2012,"a-p-17","b-p-033",5.89444444444444
2012,"a-p-18","b-p-034",5.6
2012,"a-p-18","b-p-035",9.51944444444444
2012,"a-p-19","b-p-036",0.627777777777778
2012,"a-p-19","b-p-037",1.01944444444444
2012,"a-p-20","b-p-038",6.15555555555556
2012,"a-p-21","b-p-039",4.43888888888889
2012,"a-p-22","b-p-040",8.99583333333333
2012,"a-p-22","b-p-041",7.025
2012,"a-p-22","b-p-042",8.95416666666667
2012,"a-p-23","b-p-043",17.2111111111111
2012,"a-p-32","b-p-066",13.3916666666667
2012,"a-p-32","b-p-067",15.5111111111111
2012,"a-p-33","b-p-068",15.4611111111111
2012,"a-p-33","b-p-069",11.8138888888889
2012,"a-p-34","b-p-070",12.3027777777778
2012,"a-p-34","b-p-071",21.5361111111111
2012,"a-p-35","b-p-072",10.0638888888889
2012,"a-p-35","b-p-073",16.9861111111111
2012,"a-p-36","b-p-074",4.0875
2012,"a-p-36","b-p-075",20.7125
2012,"a-p-36","b-p-076",11.525
2012,"a-p-38","b-p-079",29.5708333333333
2012,"a-p-38","b-p-080",20.2833333333333
2012,"a-p-38","b-p-081",15.95
2012,"a-p-39","b-p-082",17.0541666666667
2012,"a-p-39","b-p-083",18.3833333333333
2012,"a-p-39","b-p-085",14.9125
2012,"a-p-42","b-p-090",25.2083333333333
2012,"a-p-42","b-p-091",25.9166666666667
2012,"a-p-44","b-p-093",4.2875
2012,"a-p-44","b-p-094",7.09166666666667
2012,"a-p-44","b-p-095",8.00833333333333
2012,"a-p-45","b-p-096",8.20555555555556
2012,"a-p-45","b-p-098",3.53055555555556
2012,"a-p-47","b-p-100",1.48333333333333
2012,"a-p-47","b-p-101",1.29444444444444
2012,"a-p-48","b-p-102",2.43888888888889
2012,"a-p-48","b-p-103",7.80833333333333
2012,"a-p-50","b-p-105",13.4861111111111
2012,"a-p-50","b-p-106",14.5416666666667
2012,"a-p-52","b-p-109",4.025
2012,"a-p-52","b-p-110",2.75
2012,"a-p-57","b-p-120",2.04166666666667
2012,"a-p-57","b-p-121",1.45555555555556
2012,"a-p-60","b-p-125",4.27777777777778
2012,"a-p-60","b-p-126",3.14722222222222
2012,"a-p-64","b-p-133",2.42222222222222
2012,"a-p-64","b-p-134",2.73333333333333
2013,"a-k-01","b-k-01",1.64450757575758
2013,"a-k-02","b-k-02",7.3155303030303
2013,"a-k-03","b-k-03",0.83655303030303
2013,"a-k-04","b-k-04",3.48295454545455
2013,"a-k-05","b-k-05",4.28068181818182
2013,"a-k-06","b-k-06",7.08674242424242
2013,"a-k-07","b-k-07",1.64659090909091
2013,"a-k-08","b-k-08",10.6954545454545
2013,"a-k-09","b-k-09",21.2462121212121
2013,"a-k-10","b-k-10",3.4405303030303
2013,"a-k-11","b-k-11",2.31231060606061
2013,"a-k-12","b-k-12",1.94905303030303
2013,"a-k-13","b-k-13",1.62102272727273
2013,"a-k-14","b-k-14",3.39734848484848
2013,"a-k-15","b-k-15",28.3164772727273
2013,"a-k-16","b-k-16",14.4056818181818
2013,"a-k-21","b-k-21",2.44905303030303
2013,"a-k-22","b-k-22",4.52594696969697
2013,"a-k-23","b-k-23",5.13465909090909
2013,"a-k-24","b-k-24",3.01382575757576
2013,"a-k-25","b-k-25",1.73579545454545
2013,"a-k-26","b-k-26",7.06268939393939
2013,"a-k-27","b-k-27",8.82594696969697
2013,"a-k-28","b-k-28",6.69166666666667
2013,"a-k-29","b-k-29",13.057196969697
2013,"a-k-30","b-k-30",31.1998106060606
2013,"a-k-31","b-k-31",18.482196969697
2013,"a-k-32","b-k-32",22.0130681818182
2013,"a-k-33","b-k-33",0.714583333333333
2013,"a-k-34","b-k-34",28.6723484848485
2013,"a-k-35","b-k-35",13.2965909090909
2013,"a-k-36","b-k-36",1.7530303030303
2013,"a-k-37","b-k-37",2.91496212121212
2013,"a-l-01","b-l-01",0.2125
2013,"a-l-02","b-l-02",0.1675
2013,"a-l-03","b-l-03",3.13666666666667
2013,"a-l-04","b-l-04",0.37
2013,"a-l-05","b-l-05",21.728125
2013,"a-l-06","b-l-06",2.1575
2013,"a-l-07","b-l-07",86.4592857142857
2013,"a-l-08","b-l-08",15.3075
2013,"a-l-09","b-l-09",6.91625
2013,"a-l-10","b-l-10",65.51
2013,"a-l-11","b-l-11",12.82
2013,"a-p-04","b-p-008",0.9875
2013,"a-p-04","b-p-009",2.3375
2013,"a-p-04","b-p-010",3.1125
2013,"a-p-06","b-p-014",3.3875
2013,"a-p-06","b-p-015",6.59583333333333
2013,"a-p-06","b-p-016",4.34166666666667
2013,"a-p-09","b-p-022",7.02222222222222
2013,"a-p-09","b-p-023",5.70555555555555
2013,"a-p-10","b-p-024",0.727777777777778
2013,"a-p-15","b-p-030",20.4083333333333
2013,"a-p-16","b-p-031",8.95
2013,"a-p-17","b-p-032",9.78888888888889
2013,"a-p-17","b-p-033",3.98611111111111
2013,"a-p-18","b-p-034",19.2833333333333
2013,"a-p-18","b-p-035",20.7
2013,"a-p-20","b-p-038",6.125
2013,"a-p-21","b-p-039",2.83888888888889
2013,"a-p-22","b-p-040",15.3375
2013,"a-p-22","b-p-041",3.92083333333333
2013,"a-p-22","b-p-042",4.20416666666667
2013,"a-p-23","b-p-043",14.4194444444444
2013,"a-p-32","b-p-066",21.2916666666667
2013,"a-p-32","b-p-067",16.6222222222222
2013,"a-p-33","b-p-068",25.325
2013,"a-p-33","b-p-069",30.05
2013,"a-p-37","b-p-077",26.0388888888889
2013,"a-p-37","b-p-078",33.4
2013,"a-p-40","b-p-086",31.2194444444444
2013,"a-p-40","b-p-087",31.1083333333333
2013,"a-p-41","b-p-088",47.5722222222222
2013,"a-p-41","b-p-089",24.3333333333333
2013,"a-p-42","b-p-090",23.7777777777778
2013,"a-p-42","b-p-091",26.7222222222222
2013,"a-p-43","b-p-092",49.1416666666667
2013,"a-p-57","b-p-120",2.4375
2013,"a-p-64","b-p-134",19.0833333333333
2014,"a-k-01","b-k-01",2.04924242424242
2014,"a-k-02","b-k-02",11.4049242424242
2014,"a-k-03","b-k-03",7.81382575757576
2014,"a-k-04","b-k-04",3.40662878787879
2014,"a-k-05","b-k-05",5.62518939393939
2014,"a-k-06","b-k-06",6.06609848484849
2014,"a-k-07","b-k-07",2.8969696969697
2014,"a-k-08","b-k-08",6.17121212121212
2014,"a-k-09","b-k-09",8.47367424242424
2014,"a-k-10","b-k-10",12.1289772727273
2014,"a-k-11","b-k-11",1.67727272727273
2014,"a-k-12","b-k-12",1.66325757575758
2014,"a-k-13","b-k-13",1.7469696969697
2014,"a-k-14","b-k-14",4.00208333333333
2014,"a-k-15","b-k-15",62.8751893939394
2014,"a-k-16","b-k-16",12.8871212121212
2014,"a-k-21","b-k-21",2.35340909090909
2014,"a-k-22","b-k-22",5.80568181818182
2014,"a-k-23","b-k-23",5.97973484848485
2014,"a-k-24","b-k-24",3.41590909090909
2014,"a-k-25","b-k-25",5.13958333333333
2014,"a-k-26","b-k-26",6.71136363636364
2014,"a-k-27","b-k-27",5.14810606060606
2014,"a-k-28","b-k-28",4.64659090909091
2014,"a-k-29","b-k-29",11.8109848484848
2014,"a-k-30","b-k-30",27.4181818181818
2014,"a-k-31","b-k-31",15.5439393939394
2014,"a-k-32","b-k-32",18.9246212121212
2014,"a-k-33","b-k-33",0.666098484848485
2014,"a-k-34","b-k-34",21.3058712121212
2014,"a-k-35","b-k-35",6.77007575757576
2014,"a-k-36","b-k-36",2.34109848484849
2014,"a-k-37","b-k-37",3.1530303030303
2014,"a-l-01","b-l-01",0.1125
2014,"a-l-02","b-l-02",0.375
2014,"a-l-03","b-l-03",5.66833333333333
2014,"a-l-04","b-l-04",0.856666666666667
2014,"a-l-05","b-l-05",18.71375
2014,"a-l-06","b-l-06",1.0625
2014,"a-l-07","b-l-07",34.1485714285714
2014,"a-l-08","b-l-08",14.7275
2014,"a-l-09","b-l-09",5.37375
2014,"a-l-10","b-l-10",42.375
2014,"a-l-11","b-l-11",11.065
2014,"a-p-04","b-p-008",0.858333333333333
2014,"a-p-04","b-p-009",1.56666666666667
2014,"a-p-04","b-p-010",1.50833333333333
2014,"a-p-05","b-p-011",18.6666666666667
2014,"a-p-05","b-p-012",6.75
2014,"a-p-05","b-p-013",20.7125
2014,"a-p-06","b-p-014",2.7625
2014,"a-p-06","b-p-015",3.43333333333333
2014,"a-p-06","b-p-016",2.88333333333333
2014,"a-p-07","b-p-017",11.7958333333333
2014,"a-p-07","b-p-018",17.8458333333333
2014,"a-p-07","b-p-019",7.3875
2014,"a-p-09","b-p-023",2.40555555555556
2014,"a-p-10","b-p-024",0.477777777777778
2014,"a-p-14","b-p-029",0.597222222222222
2014,"a-p-17","b-p-032",6.27777777777778
2014,"a-p-17","b-p-033",1.45277777777778
2014,"a-p-18","b-p-035",5.59166666666667
2014,"a-p-22","b-p-040",3.95833333333333
2014,"a-p-22","b-p-041",5.32083333333333
2014,"a-p-22","b-p-042",5.11666666666667
2014,"a-p-32","b-p-066",10.6333333333333
2014,"a-p-32","b-p-067",16.1777777777778
2014,"a-p-33","b-p-068",28.1083333333333
2014,"a-p-33","b-p-069",34.8111111111111
2014,"a-p-34","b-p-070",33.8111111111111
2014,"a-p-34","b-p-071",28.9111111111111
2014,"a-p-35","b-p-072",4.51111111111111
2014,"a-p-35","b-p-073",28.1583333333333
2014,"a-p-36","b-p-074",12.0416666666667
2014,"a-p-36","b-p-075",12.4333333333333
2014,"a-p-36","b-p-076",11.0541666666667
2014,"a-p-38","b-p-079",18.2541666666667
2014,"a-p-38","b-p-080",13.6125
2014,"a-p-38","b-p-081",11.1208333333333
2014,"a-p-39","b-p-082",14.2416666666667
2014,"a-p-39","b-p-083",12.3625
2014,"a-p-39","b-p-085",32.5125
2014,"a-p-42","b-p-090",21.7
2014,"a-p-42","b-p-091",19.9388888888889
2014,"a-p-44","b-p-093",18.675
2014,"a-p-44","b-p-094",3.67916666666667
2014,"a-p-44","b-p-095",13.1916666666667
2014,"a-p-45","b-p-096",12.0388888888889
2014,"a-p-45","b-p-098",2.60555555555556
2014,"a-p-48","b-p-102",8.56388888888889
2014,"a-p-48","b-p-103",13.3777777777778
2014,"a-p-50","b-p-105",11.6583333333333
2014,"a-p-50","b-p-106",17.7944444444444
2014,"a-p-57","b-p-120",1.86944444444444
2014,"a-p-57","b-p-121",5.23888888888889
2014,"a-p-60","b-p-125",9.89166666666667
2014,"a-p-60","b-p-126",22.2527777777778
2014,"a-p-64","b-p-133",4.67777777777778
2014,"a-p-64","b-p-134",6.38333333333333
2015,"a-l-01","b-l-01",0.855
2015,"a-l-02","b-l-02",4.8425
2015,"a-l-03","b-l-03",4.66333333333333
2015,"a-l-04","b-l-04",4.69833333333333
2015,"a-l-05","b-l-05",19.55875
2015,"a-l-06","b-l-06",2.6625
2015,"a-l-07","b-l-07",22.2921428571429
2015,"a-l-08","b-l-08",3.8775
2015,"a-l-09","b-l-09",3.590625
2015,"a-l-10","b-l-10",206.305
2015,"a-l-11","b-l-11",22.455
2015,"a-p-04","b-p-008",0.708333333333333
2015,"a-p-04","b-p-009",1.425
2015,"a-p-04","b-p-010",1.1375
2015,"a-p-05","b-p-011",32.7666666666667
2015,"a-p-05","b-p-012",10.9958333333333
2015,"a-p-05","b-p-013",16.1208333333333
2015,"a-p-06","b-p-014",3.3375
2015,"a-p-06","b-p-015",1.8375
2015,"a-p-06","b-p-016",2.52083333333333
2015,"a-p-07","b-p-017",3.47916666666667
2015,"a-p-07","b-p-018",4.14166666666667
2015,"a-p-07","b-p-019",3.5875
2015,"a-p-09","b-p-022",1.65833333333333
2015,"a-p-09","b-p-023",1.11388888888889
2015,"a-p-17","b-p-032",8.73888888888889
2015,"a-p-17","b-p-033",2.21666666666667
2015,"a-p-18","b-p-035",3.06944444444444
2015,"a-p-22","b-p-040",3.225
2015,"a-p-22","b-p-041",1.42916666666667
2015,"a-p-22","b-p-042",3.91666666666667
2015,"a-p-32","b-p-066",3.86666666666667
2015,"a-p-32","b-p-067",2.59166666666667
2015,"a-p-33","b-p-068",13.5583333333333
2015,"a-p-33","b-p-069",19.4527777777778
2015,"a-p-34","b-p-070",20.6277777777778
2015,"a-p-34","b-p-071",15.7
2015,"a-p-35","b-p-072",2.33333333333333
2015,"a-p-35","b-p-073",4.48611111111111
2015,"a-p-36","b-p-074",11.525
2015,"a-p-36","b-p-075",13.5541666666667
2015,"a-p-36","b-p-076",10.0625
2015,"a-p-38","b-p-079",10.3541666666667
2015,"a-p-38","b-p-080",9.81666666666667
2015,"a-p-38","b-p-081",11.725
2015,"a-p-39","b-p-082",6.52083333333333
2015,"a-p-39","b-p-083",2.09166666666667
2015,"a-p-39","b-p-085",24.9208333333333
2015,"a-p-42","b-p-090",7.82222222222222
2015,"a-p-42","b-p-091",1.67777777777778
2015,"a-p-44","b-p-093",10.6375
2015,"a-p-44","b-p-094",1
2015,"a-p-44","b-p-095",11.8041666666667
2015,"a-p-45","b-p-096",5.79722222222222
2015,"a-p-45","b-p-098",5.15277777777778
2015,"a-p-57","b-p-120",2.00833333333333
2015,"a-p-57","b-p-121",16.2055555555556
2015,"a-p-60","b-p-125",16.3472222222222
2015,"a-p-60","b-p-126",36.0305555555556
2015,"a-p-64","b-p-133",2.25277777777778
2015,"a-p-64","b-p-134",20.2944444444444
