"year","site_id","subsite_id","cover"
1982,"a-k-01","b-k-01",0.088
1982,"a-k-02","b-k-02",0.176
1982,"a-k-03","b-k-03",0.108
1982,"a-k-04","b-k-04",0.224
1982,"a-k-06","b-k-06",0.18
1982,"a-k-07","b-k-07",0.226
1982,"a-k-08","b-k-08",0.258
1982,"a-k-09","b-k-09",0.188
1982,"a-k-11","b-k-11",0.13
1982,"a-k-12","b-k-12",0.044
1982,"a-k-13","b-k-13",0.214
1982,"a-k-14","b-k-14",0.1
1982,"a-k-15","b-k-15",0.072
1983,"a-k-01","b-k-01",0.0931034482758621
1983,"a-k-02","b-k-02",0.118918918918919
1983,"a-k-03","b-k-03",0.135
1983,"a-k-04","b-k-04",0.18
1983,"a-k-05","b-k-05",0.1475
1983,"a-k-06","b-k-06",0.1925
1983,"a-k-07","b-k-07",0.31
1983,"a-k-08","b-k-08",0.185714285714286
1983,"a-k-09","b-k-09",0.0325
1983,"a-k-11","b-k-11",0.0511111111111111
1983,"a-k-12","b-k-12",0.035
1983,"a-k-13","b-k-13",0.0375
1983,"a-k-14","b-k-14",0.0275
1983,"a-k-15","b-k-15",0.02
1984,"a-k-01","b-k-01",0.122
1984,"a-k-02","b-k-02",0.132
1984,"a-k-03","b-k-03",0.188
1984,"a-k-04","b-k-04",0.196
1984,"a-k-05","b-k-05",0.158
1984,"a-k-06","b-k-06",0.206
1984,"a-k-07","b-k-07",0.29
1984,"a-k-08","b-k-08",0.23
1984,"a-k-09","b-k-09",0.086
1984,"a-k-11","b-k-11",0.11
1984,"a-k-12","b-k-12",0.052
1984,"a-k-13","b-k-13",0.066
1984,"a-k-14","b-k-14",0.038
1984,"a-k-15","b-k-15",0.022
1985,"a-k-01","b-k-01",0.342
1985,"a-k-02","b-k-02",0.497
1985,"a-k-03","b-k-03",0.525
1985,"a-k-04","b-k-04",0.583
1985,"a-k-05","b-k-05",0.245
1985,"a-k-06","b-k-06",0.285
1985,"a-k-07","b-k-07",0.373
1985,"a-k-08","b-k-08",0.171
1985,"a-k-09","b-k-09",0.064
1985,"a-k-11","b-k-11",0.17
1985,"a-k-12","b-k-12",0.06
1985,"a-k-13","b-k-13",0.144
1985,"a-k-14","b-k-14",0.074
1985,"a-k-15","b-k-15",0.401
1986,"a-k-01","b-k-01",0.246
1986,"a-k-02","b-k-02",0.242
1986,"a-k-03","b-k-03",0.299
1986,"a-k-04","b-k-04",0.204
1986,"a-k-05","b-k-05",0.264
1986,"a-k-06","b-k-06",0.35
1986,"a-k-07","b-k-07",0.399
1986,"a-k-08","b-k-08",0.246
1986,"a-k-09","b-k-09",0.229
1986,"a-k-10","b-k-10",0.043
1986,"a-k-11","b-k-11",0.232
1986,"a-k-12","b-k-12",0.102
1986,"a-k-13","b-k-13",0.235
1986,"a-k-14","b-k-14",0.139
1986,"a-k-15","b-k-15",0.074
1986,"a-k-16","b-k-16",0.07
1987,"a-k-01","b-k-01",0.352
1987,"a-k-02","b-k-02",0.201
1987,"a-k-03","b-k-03",0.15
1987,"a-k-04","b-k-04",0.257
1987,"a-k-05","b-k-05",0.285
1987,"a-k-06","b-k-06",0.319
1987,"a-k-07","b-k-07",0.352
1987,"a-k-08","b-k-08",0.27
1987,"a-k-09","b-k-09",0.129
1987,"a-k-10","b-k-10",0.088
1987,"a-k-11","b-k-11",0.155
1987,"a-k-12","b-k-12",0.073
1987,"a-k-13","b-k-13",0.177
1987,"a-k-14","b-k-14",0.094
1987,"a-k-15","b-k-15",0.036
1987,"a-k-16","b-k-16",0.204
1988,"a-k-01","b-k-01",0.333
1988,"a-k-02","b-k-02",0.241
1988,"a-k-03","b-k-03",0.243
1988,"a-k-04","b-k-04",0.341
1988,"a-k-05","b-k-05",0.151
1988,"a-k-06","b-k-06",0.374
1988,"a-k-07","b-k-07",0.495
1988,"a-k-08","b-k-08",0.231
1988,"a-k-09","b-k-09",0.152
1988,"a-k-10","b-k-10",0.101
1988,"a-k-11","b-k-11",0.236
1988,"a-k-12","b-k-12",0.118
1988,"a-k-13","b-k-13",0.275
1988,"a-k-14","b-k-14",0.184
1988,"a-k-15","b-k-15",0.155
1988,"a-k-16","b-k-16",0.454
1989,"a-k-01","b-k-01",0.433
1989,"a-k-02","b-k-02",0.316
1989,"a-k-03","b-k-03",0.462
1989,"a-k-04","b-k-04",0.309
1989,"a-k-05","b-k-05",0.401
1989,"a-k-06","b-k-06",0.384
1989,"a-k-07","b-k-07",0.625
1989,"a-k-08","b-k-08",0.291
1989,"a-k-09","b-k-09",0.132
1989,"a-k-10","b-k-10",0.103
1989,"a-k-11","b-k-11",0.199
1989,"a-k-12","b-k-12",0.146
1989,"a-k-13","b-k-13",0.38
1989,"a-k-14","b-k-14",0.19
1989,"a-k-15","b-k-15",0.141
1989,"a-k-16","b-k-16",0.236
1990,"a-k-01","b-k-01",0.27
1990,"a-k-02","b-k-02",0.255
1990,"a-k-03","b-k-03",0.501
1990,"a-k-04","b-k-04",0.463
1990,"a-k-05","b-k-05",0.475
1990,"a-k-06","b-k-06",0.25
1990,"a-k-07","b-k-07",0.588
1990,"a-k-08","b-k-08",0.244
1990,"a-k-09","b-k-09",0.091
1990,"a-k-10","b-k-10",0.23
1990,"a-k-11","b-k-11",0.316
1990,"a-k-12","b-k-12",0.106
1990,"a-k-13","b-k-13",0.377
1990,"a-k-14","b-k-14",0.202
1990,"a-k-15","b-k-15",0.127
1990,"a-k-16","b-k-16",0.204
1991,"a-k-01","b-k-01",0.35
1991,"a-k-02","b-k-02",0.252
1991,"a-k-03","b-k-03",0.643
1991,"a-k-04","b-k-04",0.521
1991,"a-k-05","b-k-05",0.488
1991,"a-k-06","b-k-06",0.325
1991,"a-k-07","b-k-07",0.582
1991,"a-k-08","b-k-08",0.156
1991,"a-k-09","b-k-09",0.062
1991,"a-k-10","b-k-10",0.294
1991,"a-k-11","b-k-11",0.287
1991,"a-k-12","b-k-12",0.164
1991,"a-k-13","b-k-13",0.306
1991,"a-k-14","b-k-14",0.187
1991,"a-k-15","b-k-15",0.113
1991,"a-k-16","b-k-16",0.104
1992,"a-k-01","b-k-01",0.311
1992,"a-k-02","b-k-02",0.162
1992,"a-k-03","b-k-03",0.759
1992,"a-k-04","b-k-04",0.496
1992,"a-k-05","b-k-05",0.412
1992,"a-k-06","b-k-06",0.336
1992,"a-k-07","b-k-07",0.453
1992,"a-k-08","b-k-08",0.143
1992,"a-k-09","b-k-09",0.098
1992,"a-k-10","b-k-10",0.166
1992,"a-k-11","b-k-11",0.239
1992,"a-k-12","b-k-12",0.131
1992,"a-k-13","b-k-13",0.221
1992,"a-k-14","b-k-14",0.139
1992,"a-k-15","b-k-15",0.148
1992,"a-k-16","b-k-16",0.092
1993,"a-k-01","b-k-01",0.257
1993,"a-k-02","b-k-02",0.158
1993,"a-k-03","b-k-03",0.556
1993,"a-k-04","b-k-04",0.439
1993,"a-k-05","b-k-05",0.544
1993,"a-k-06","b-k-06",0.395
1993,"a-k-07","b-k-07",0.354
1993,"a-k-08","b-k-08",0.492
1993,"a-k-09","b-k-09",0.039
1993,"a-k-10","b-k-10",0.179
1993,"a-k-11","b-k-11",0.234
1993,"a-k-12","b-k-12",0.166
1993,"a-k-13","b-k-13",0.136
1993,"a-k-14","b-k-14",0.176
1993,"a-k-15","b-k-15",0.14
1993,"a-k-16","b-k-16",0.118
1994,"a-k-01","b-k-01",0.378
1994,"a-k-02","b-k-02",0.135
1994,"a-k-03","b-k-03",0.591
1994,"a-k-04","b-k-04",0.575
1994,"a-k-05","b-k-05",0.27
1994,"a-k-06","b-k-06",0.388
1994,"a-k-07","b-k-07",0.593
1994,"a-k-08","b-k-08",0.162
1994,"a-k-09","b-k-09",0.026
1994,"a-k-10","b-k-10",0.192
1994,"a-k-11","b-k-11",0.187
1994,"a-k-12","b-k-12",0.368
1994,"a-k-13","b-k-13",0.251
1994,"a-k-14","b-k-14",0.146
1994,"a-k-15","b-k-15",0.308
1994,"a-k-16","b-k-16",0.392
1995,"a-k-01","b-k-01",0.235
1995,"a-k-02","b-k-02",0.121
1995,"a-k-03","b-k-03",0.58
1995,"a-k-04","b-k-04",0.448
1995,"a-k-05","b-k-05",0.205
1995,"a-k-06","b-k-06",0.253
1995,"a-k-07","b-k-07",0.518
1995,"a-k-08","b-k-08",0.085
1995,"a-k-09","b-k-09",0.073
1995,"a-k-10","b-k-10",0.226
1995,"a-k-11","b-k-11",0.137
1995,"a-k-12","b-k-12",0.186
1995,"a-k-13","b-k-13",0.271
1995,"a-k-14","b-k-14",0.12
1995,"a-k-15","b-k-15",0.067
1995,"a-k-16","b-k-16",0.273
1996,"a-k-01","b-k-01",0.258333333333333
1996,"a-k-02","b-k-02",0.135
1996,"a-k-03","b-k-03",0.258333333333333
1996,"a-k-04","b-k-04",0.486666666666667
1996,"a-k-05","b-k-05",0.188333333333333
1996,"a-k-06","b-k-06",0.236666666666667
1996,"a-k-07","b-k-07",0.61
1996,"a-k-08","b-k-08",0.148333333333333
1996,"a-k-09","b-k-09",0.0616666666666667
1996,"a-k-10","b-k-10",0.153333333333333
1996,"a-k-11","b-k-11",0.163333333333333
1996,"a-k-12","b-k-12",0.133333333333333
1996,"a-k-13","b-k-13",0.295
1996,"a-k-14","b-k-14",0.11
1996,"a-k-15","b-k-15",0.05
1996,"a-k-16","b-k-16",0.413333333333333
1997,"a-k-01","b-k-01",0.191666666666667
1997,"a-k-02","b-k-02",0.105
1997,"a-k-03","b-k-03",0.533333333333333
1997,"a-k-04","b-k-04",0.47
1997,"a-k-05","b-k-05",0.208333333333333
1997,"a-k-06","b-k-06",0.17
1997,"a-k-07","b-k-07",0.52
1997,"a-k-08","b-k-08",0.153333333333333
1997,"a-k-09","b-k-09",0.045
1997,"a-k-10","b-k-10",0.103333333333333
1997,"a-k-11","b-k-11",0.156666666666667
1997,"a-k-12","b-k-12",0.173333333333333
1997,"a-k-13","b-k-13",0.208333333333333
1997,"a-k-14","b-k-14",0.105
1997,"a-k-15","b-k-15",0.0583333333333333
1997,"a-k-16","b-k-16",0.103333333333333
1998,"a-k-01","b-k-01",0.173333333333333
1998,"a-k-02","b-k-02",0.035
1998,"a-k-03","b-k-03",0.433333333333333
1998,"a-k-04","b-k-04",0.326666666666667
1998,"a-k-05","b-k-05",0.125
1998,"a-k-06","b-k-06",0.0883333333333333
1998,"a-k-07","b-k-07",0.233333333333333
1998,"a-k-08","b-k-08",0.065
1998,"a-k-09","b-k-09",0.0366666666666667
1998,"a-k-10","b-k-10",0.0316666666666667
1998,"a-k-11","b-k-11",0.0983333333333333
1998,"a-k-12","b-k-12",0.04
1998,"a-k-13","b-k-13",0.0866666666666667
1998,"a-k-14","b-k-14",0.185
1998,"a-k-15","b-k-15",0.148333333333333
1998,"a-k-16","b-k-16",0.0516666666666667
1999,"a-k-01","b-k-01",0.343333333333333
1999,"a-k-02","b-k-02",0.103333333333333
1999,"a-k-03","b-k-03",0.635
1999,"a-k-04","b-k-04",0.681666666666667
1999,"a-k-05","b-k-05",0.111666666666667
1999,"a-k-06","b-k-06",0.183333333333333
1999,"a-k-07","b-k-07",0.318333333333333
1999,"a-k-08","b-k-08",0.08
1999,"a-k-09","b-k-09",0.0933333333333333
1999,"a-k-10","b-k-10",0.05
1999,"a-k-11","b-k-11",0.0866666666666667
1999,"a-k-12","b-k-12",0.128333333333333
1999,"a-k-13","b-k-13",0.225
1999,"a-k-14","b-k-14",0.101666666666667
1999,"a-k-15","b-k-15",0.208333333333333
1999,"a-k-16","b-k-16",0.0666666666666667
1999,"a-p-01","b-p-002",0.159122269132741
1999,"a-p-04","b-p-008",0.071032792408946
1999,"a-p-04","b-p-009",0.304195036505843
1999,"a-p-04","b-p-010",0.172234786385947
1999,"a-p-08","b-p-020",0.17591262399684
1999,"a-p-08","b-p-021",0.163738831075718
1999,"a-p-14","b-p-028",0.142297864876337
1999,"a-p-14","b-p-029",0.160420484710376
1999,"a-p-19","b-p-036",0.162732704830454
1999,"a-p-19","b-p-037",0.176767300173576
1999,"a-p-22","b-p-040",0.32155853354944
1999,"a-p-22","b-p-041",0.439986856131292
1999,"a-p-24","b-p-044",0.0702021984171267
1999,"a-p-24","b-p-045",0.00820596233949534
1999,"a-p-25","b-p-049",0.165179966132083
1999,"a-p-25","b-p-050",0.376295693876137
2000,"a-k-01","b-k-01",0.266666666666667
2000,"a-k-02","b-k-02",0.105
2000,"a-k-03","b-k-03",0.211666666666667
2000,"a-k-04","b-k-04",0.415
2000,"a-k-05","b-k-05",0.211666666666667
2000,"a-k-06","b-k-06",0.166666666666667
2000,"a-k-07","b-k-07",0.528333333333333
2000,"a-k-08","b-k-08",0.13
2000,"a-k-09","b-k-09",0.0566666666666667
2000,"a-k-10","b-k-10",0.0366666666666667
2000,"a-k-11","b-k-11",0.0933333333333333
2000,"a-k-12","b-k-12",0.183333333333333
2000,"a-k-13","b-k-13",0.261666666666667
2000,"a-k-14","b-k-14",0.0866666666666667
2000,"a-k-15","b-k-15",0.0633333333333333
2000,"a-k-16","b-k-16",0.025
2000,"a-l-04","b-l-04",0.10625
2000,"a-l-05","b-l-05",0.06875
2000,"a-l-09","b-l-09",0.3671875
2000,"a-p-04","b-p-008",0.256227744471692
2000,"a-p-04","b-p-009",0.158874746289955
2000,"a-p-04","b-p-010",0.168209326632561
2000,"a-p-06","b-p-014",0.188622406264827
2000,"a-p-06","b-p-015",0.128667925849998
2000,"a-p-14","b-p-028",0.156343998269831
2000,"a-p-14","b-p-029",0.0906549749124045
2000,"a-p-19","b-p-036",0.286216987866448
2000,"a-p-19","b-p-037",0.161977291574042
2000,"a-p-22","b-p-040",0.415025196298546
2000,"a-p-24","b-p-044",0.0756640160917156
2000,"a-p-24","b-p-045",0.121720722546098
2000,"a-p-25","b-p-046",0.26903025947958
2000,"a-p-25","b-p-049",0.322325614388583
2000,"a-p-25","b-p-050",0.192519230402276
2000,"a-p-36","b-p-074",0.73070526590909
2000,"a-p-36","b-p-075",0.530260706226806
2000,"a-p-36","b-p-076",0.779735016403155
2000,"a-p-39","b-p-082",0.528166664634557
2000,"a-p-39","b-p-083",0.489199372579477
2000,"a-p-39","b-p-085",0.428038787053656
2001,"a-k-01","b-k-01",0.215
2001,"a-k-02","b-k-02",0.28
2001,"a-k-03","b-k-03",0.15
2001,"a-k-04","b-k-04",0.298333333333333
2001,"a-k-05","b-k-05",0.181666666666667
2001,"a-k-06","b-k-06",0.145
2001,"a-k-07","b-k-07",0.58
2001,"a-k-08","b-k-08",0.06
2001,"a-k-09","b-k-09",0.035
2001,"a-k-10","b-k-10",0.03
2001,"a-k-11","b-k-11",0.0533333333333333
2001,"a-k-12","b-k-12",0.08
2001,"a-k-13","b-k-13",0.265
2001,"a-k-14","b-k-14",0.08
2001,"a-k-15","b-k-15",0.0966666666666667
2001,"a-k-16","b-k-16",0.02
2001,"a-l-01","b-l-01",0.25
2001,"a-l-02","b-l-02",0.04375
2001,"a-l-03","b-l-03",0.2425
2001,"a-l-04","b-l-04",0.154166666666667
2001,"a-l-05","b-l-05",0.1921875
2001,"a-l-06","b-l-06",0.19375
2001,"a-l-07","b-l-07",0.16875
2001,"a-l-08","b-l-08",0.45625
2001,"a-l-09","b-l-09",0.41875
2001,"a-p-04","b-p-008",0.398843930635838
2001,"a-p-04","b-p-009",0.33878807248681
2001,"a-p-04","b-p-010",0.233741653717444
2001,"a-p-06","b-p-014",0.176151761517615
2001,"a-p-06","b-p-015",0.0335206398612103
2001,"a-p-06","b-p-016",0.134156034475621
2001,"a-p-14","b-p-028",0.258641477595036
2001,"a-p-14","b-p-029",0.310120313469913
2001,"a-p-19","b-p-036",0.272323898955833
2001,"a-p-19","b-p-037",0.311902349181142
2001,"a-p-22","b-p-040",0.383867071061479
2001,"a-p-24","b-p-044",0.117503808440792
2001,"a-p-24","b-p-045",0.0868873201249209
2001,"a-p-25","b-p-049",0.472994511029894
2001,"a-p-25","b-p-050",0.0908554532715607
2001,"a-p-34","b-p-070",0.232690268799016
2001,"a-p-34","b-p-071",0.31365184391322
2001,"a-p-36","b-p-074",0.502259825540172
2001,"a-p-36","b-p-075",0.336297598525037
2001,"a-p-36","b-p-076",0.486476194576617
2001,"a-p-39","b-p-082",0.399717166972333
2001,"a-p-39","b-p-085",0.437308483866655
2001,"a-p-45","b-p-096",0.0250515592981346
2001,"a-p-45","b-p-097",0.125458436249898
2001,"a-p-67","b-p-138",0.436388320249315
2002,"a-k-01","b-k-01",0.33
2002,"a-k-02","b-k-02",0.245
2002,"a-k-03","b-k-03",0.586666666666667
2002,"a-k-04","b-k-04",0.415
2002,"a-k-05","b-k-05",0.231666666666667
2002,"a-k-06","b-k-06",0.225
2002,"a-k-07","b-k-07",0.565
2002,"a-k-08","b-k-08",0.095
2002,"a-k-09","b-k-09",0.0466666666666667
2002,"a-k-10","b-k-10",0.0516666666666667
2002,"a-k-11","b-k-11",0.116666666666667
2002,"a-k-12","b-k-12",0.118333333333333
2002,"a-k-13","b-k-13",0.361666666666667
2002,"a-k-14","b-k-14",0.125
2002,"a-k-15","b-k-15",0.108333333333333
2002,"a-k-16","b-k-16",0.0783333333333333
2002,"a-l-01","b-l-01",0.25625
2002,"a-l-02","b-l-02",0.23125
2002,"a-l-03","b-l-03",0.410416666666667
2002,"a-l-04","b-l-04",0.15
2002,"a-l-05","b-l-05",0.190625
2002,"a-l-06","b-l-06",0.19375
2002,"a-l-07","b-l-07",0.30625
2002,"a-l-08","b-l-08",0.295833333333333
2002,"a-l-09","b-l-09",0.4921875
2002,"a-p-04","b-p-008",0.245634130634589
2002,"a-p-04","b-p-009",0.127083401885004
2002,"a-p-04","b-p-010",0.24286501364024
2002,"a-p-06","b-p-014",0.109663497116526
2002,"a-p-06","b-p-015",0.0632058117112247
2002,"a-p-06","b-p-016",0.0681039037830053
2002,"a-p-14","b-p-028",0.224260774553464
2002,"a-p-14","b-p-029",0.195617257067857
2002,"a-p-19","b-p-036",0.131253978586559
2002,"a-p-19","b-p-037",0.159660546800166
2002,"a-p-22","b-p-040",0.274019099431478
2002,"a-p-22","b-p-041",0.322506988634796
2002,"a-p-24","b-p-044",0.155487841450642
2002,"a-p-24","b-p-045",0.0704110700352066
2002,"a-p-25","b-p-047",0.124455942912122
2002,"a-p-25","b-p-051",0.324142914172371
2002,"a-p-34","b-p-070",0.175107889961882
2002,"a-p-34","b-p-071",0.187653949412215
2002,"a-p-36","b-p-074",0.363674386570215
2002,"a-p-36","b-p-075",0.187279003005445
2002,"a-p-36","b-p-076",0.298879590250886
2002,"a-p-39","b-p-082",0.284770118494633
2002,"a-p-39","b-p-083",0.277789431494087
2002,"a-p-39","b-p-085",0.38436290352417
2002,"a-p-45","b-p-097",0
2002,"a-p-45","b-p-098",0.106966212316095
2003,"a-k-01","b-k-01",0.438333333333333
2003,"a-k-02","b-k-02",0.34
2003,"a-k-03","b-k-03",0.858333333333333
2003,"a-k-04","b-k-04",0.645
2003,"a-k-05","b-k-05",0.251666666666667
2003,"a-k-06","b-k-06",0.448333333333333
2003,"a-k-07","b-k-07",0.465
2003,"a-k-08","b-k-08",0.0766666666666667
2003,"a-k-09","b-k-09",0.025
2003,"a-k-10","b-k-10",0.0966666666666667
2003,"a-k-11","b-k-11",0.0783333333333333
2003,"a-k-12","b-k-12",0.191666666666667
2003,"a-k-13","b-k-13",0.393333333333333
2003,"a-k-14","b-k-14",0.166666666666667
2003,"a-k-15","b-k-15",0.141666666666667
2003,"a-k-16","b-k-16",0.151666666666667
2003,"a-k-17","b-k-17",0.226666666666667
2003,"a-k-18","b-k-18",0.196666666666667
2003,"a-k-19","b-k-19",0.173333333333333
2003,"a-k-20","b-k-20",0.348333333333333
2003,"a-k-21","b-k-21",0.305
2003,"a-l-01","b-l-01",0.0416666666666667
2003,"a-l-02","b-l-02",0.1125
2003,"a-l-03","b-l-03",0.470833333333333
2003,"a-l-04","b-l-04",0.159375
2003,"a-l-05","b-l-05",0.3890625
2003,"a-l-06","b-l-06",0.120833333333333
2003,"a-l-07","b-l-07",0.204166666666667
2003,"a-l-08","b-l-08",0.73125
2003,"a-l-09","b-l-09",0.6734375
2003,"a-p-04","b-p-008",0.416377835105031
2003,"a-p-04","b-p-009",0.32141460798905
2003,"a-p-04","b-p-010",0.221622205355948
2003,"a-p-06","b-p-014",0.0796862022152012
2003,"a-p-06","b-p-015",0.0464373275468999
2003,"a-p-06","b-p-016",0.0758594725614171
2003,"a-p-07","b-p-017",0.373128202535793
2003,"a-p-07","b-p-018",0.28907727045659
2003,"a-p-07","b-p-019",0.109149519767764
2003,"a-p-14","b-p-028",0.246463620015513
2003,"a-p-14","b-p-029",0.296629302532475
2003,"a-p-19","b-p-036",0.212091209007054
2003,"a-p-19","b-p-037",0.113452387061857
2003,"a-p-24","b-p-044",0.160089390332623
2003,"a-p-24","b-p-045",0.125144920192176
2003,"a-p-25","b-p-049",0.262180481324693
2003,"a-p-25","b-p-050",0.179038959810498
2003,"a-p-34","b-p-070",0.301411911095244
2003,"a-p-34","b-p-071",0.186517006166843
2003,"a-p-36","b-p-074",0.329061045836752
2003,"a-p-36","b-p-075",0.352458531178572
2003,"a-p-36","b-p-076",0.379865334853802
2003,"a-p-39","b-p-082",0.357895205052931
2003,"a-p-39","b-p-083",0.29645269453052
2003,"a-p-39","b-p-085",0.447210690571693
2003,"a-p-45","b-p-096",0.332573862316411
2003,"a-p-45","b-p-098",0.242738863751068
2004,"a-k-01","b-k-01",0.46
2004,"a-k-02","b-k-02",0.38
2004,"a-k-03","b-k-03",0.286666666666667
2004,"a-k-04","b-k-04",0.473333333333333
2004,"a-k-05","b-k-05",0.385
2004,"a-k-06","b-k-06",0.343333333333333
2004,"a-k-07","b-k-07",0.278333333333333
2004,"a-k-08","b-k-08",0.13
2004,"a-k-09","b-k-09",0.035
2004,"a-k-10","b-k-10",0.136666666666667
2004,"a-k-11","b-k-11",0.0783333333333333
2004,"a-k-12","b-k-12",0.0983333333333333
2004,"a-k-13","b-k-13",0.318333333333333
2004,"a-k-14","b-k-14",0.035
2004,"a-k-15","b-k-15",0.0383333333333333
2004,"a-k-16","b-k-16",0.04
2004,"a-k-17","b-k-17",0.17
2004,"a-k-18","b-k-18",0.391666666666667
2004,"a-k-19","b-k-19",0.186666666666667
2004,"a-k-20","b-k-20",0.25
2004,"a-l-01","b-l-01",0.0375
2004,"a-l-02","b-l-02",0.425
2004,"a-l-03","b-l-03",0.679166666666667
2004,"a-l-04","b-l-04",0.170833333333333
2004,"a-l-05","b-l-05",0.35
2004,"a-l-06","b-l-06",0.30625
2004,"a-l-07","b-l-07",0.2875
2004,"a-l-08","b-l-08",0.45
2004,"a-l-09","b-l-09",0.6609375
2004,"a-l-10","b-l-10",0.28125
2004,"a-l-11","b-l-11",0.5
2004,"a-p-04","b-p-008",0.321327295134832
2004,"a-p-04","b-p-009",0.198015041446928
2004,"a-p-04","b-p-010",0.213079088401271
2004,"a-p-06","b-p-014",0.143730620751528
2004,"a-p-06","b-p-015",0.100799179021117
2004,"a-p-06","b-p-016",0.151250839030852
2004,"a-p-07","b-p-017",0.283377815210135
2004,"a-p-07","b-p-018",0.193479397112786
2004,"a-p-07","b-p-019",0.307935447479502
2004,"a-p-14","b-p-028",0.27414768308208
2004,"a-p-14","b-p-029",0.372764479278524
2004,"a-p-19","b-p-036",0.357703654970707
2004,"a-p-19","b-p-037",0.251174536952702
2004,"a-p-24","b-p-044",0.139470961087079
2004,"a-p-24","b-p-045",0.184775897635876
2004,"a-p-25","b-p-049",0.254437942049847
2004,"a-p-25","b-p-050",0.232299486671883
2004,"a-p-33","b-p-068",0.2270193217451
2004,"a-p-33","b-p-069",0.195996513906525
2004,"a-p-34","b-p-070",0.185087185609229
2004,"a-p-34","b-p-071",0.145578366698408
2004,"a-p-35","b-p-072",0.194543171822147
2004,"a-p-35","b-p-073",0.337279600075895
2004,"a-p-36","b-p-074",0.383915367153869
2004,"a-p-36","b-p-075",0.414964661010274
2004,"a-p-36","b-p-076",0.430857608734721
2004,"a-p-38","b-p-079",0.222584539619189
2004,"a-p-38","b-p-080",0.419560457994078
2004,"a-p-38","b-p-081",0.373949041564809
2004,"a-p-39","b-p-082",0.467581784438761
2004,"a-p-39","b-p-083",0.549508237070538
2004,"a-p-39","b-p-085",0.42745003877689
2004,"a-p-42","b-p-090",0.431780122667896
2004,"a-p-42","b-p-091",0.199353686235136
2004,"a-p-44","b-p-093",0.214576943240367
2004,"a-p-44","b-p-094",0.10054817281778
2004,"a-p-44","b-p-095",0.365112706916966
2004,"a-p-45","b-p-096",0.176645553109707
2004,"a-p-45","b-p-098",0.19276760442199
2004,"a-p-47","b-p-100",0.294999970755841
2004,"a-p-47","b-p-101",0.268759344406921
2004,"a-p-48","b-p-102",0.268670641026185
2004,"a-p-48","b-p-103",0.237739547118312
2004,"a-p-50","b-p-105",0.491515872152049
2004,"a-p-50","b-p-106",0.279936293236955
2004,"a-p-52","b-p-109",0.397293406429281
2004,"a-p-52","b-p-110",0.333063362311232
2005,"a-k-01","b-k-01",0.281666666666667
2005,"a-k-02","b-k-02",0.173333333333333
2005,"a-k-03","b-k-03",0.495
2005,"a-k-04","b-k-04",0.383333333333333
2005,"a-k-05","b-k-05",0.591666666666667
2005,"a-k-06","b-k-06",0.388333333333333
2005,"a-k-07","b-k-07",0.191666666666667
2005,"a-k-08","b-k-08",0.0933333333333333
2005,"a-k-09","b-k-09",0.0166666666666667
2005,"a-k-10","b-k-10",0.328333333333333
2005,"a-k-11","b-k-11",0.0433333333333333
2005,"a-k-12","b-k-12",0.163333333333333
2005,"a-k-13","b-k-13",0.24
2005,"a-k-14","b-k-14",0.0533333333333333
2005,"a-k-15","b-k-15",0.0483333333333333
2005,"a-k-16","b-k-16",0.0183333333333333
2005,"a-k-21","b-k-21",0.281666666666667
2005,"a-k-22","b-k-22",0.326666666666667
2005,"a-k-23","b-k-23",0.506666666666667
2005,"a-k-24","b-k-24",0.525
2005,"a-k-25","b-k-25",0.288333333333333
2005,"a-k-26","b-k-26",0.21
2005,"a-k-27","b-k-27",0.0983333333333333
2005,"a-k-28","b-k-28",0.0766666666666667
2005,"a-k-29","b-k-29",0.125
2005,"a-k-30","b-k-30",0.07
2005,"a-k-31","b-k-31",0.1
2005,"a-k-32","b-k-32",0.0716666666666667
2005,"a-k-33","b-k-33",0.04
2005,"a-k-34","b-k-34",0.363333333333333
2005,"a-k-35","b-k-35",0.103333333333333
2005,"a-k-36","b-k-36",0.0366666666666667
2005,"a-k-37","b-k-37",0.218333333333333
2005,"a-l-01","b-l-01",0.09375
2005,"a-l-02","b-l-02",0.20625
2005,"a-l-03","b-l-03",0.44375
2005,"a-l-04","b-l-04",0.295833333333333
2005,"a-l-05","b-l-05",0.25
2005,"a-l-06","b-l-06",0.05
2005,"a-l-07","b-l-07",0.15625
2005,"a-l-08","b-l-08",0.6625
2005,"a-l-09","b-l-09",0.6484375
2005,"a-l-10","b-l-10",0.28125
2005,"a-l-11","b-l-11",0.5375
2005,"a-p-04","b-p-008",0.381726552829024
2005,"a-p-04","b-p-009",0.376699116712158
2005,"a-p-04","b-p-010",0.316082930412793
2005,"a-p-06","b-p-014",0.104760104100102
2005,"a-p-06","b-p-015",0.108886656629909
2005,"a-p-06","b-p-016",0.16603287439021
2005,"a-p-07","b-p-017",0.208195779738999
2005,"a-p-07","b-p-018",0.238788891839567
2005,"a-p-07","b-p-019",0.281732034356277
2005,"a-p-14","b-p-028",0.148086530702567
2005,"a-p-14","b-p-029",0.266577879561474
2005,"a-p-19","b-p-036",0.352325397690335
2005,"a-p-19","b-p-037",0.301639216214399
2005,"a-p-24","b-p-044",0.131176549360319
2005,"a-p-24","b-p-045",0.12835815511567
2005,"a-p-33","b-p-068",0.230595230789896
2005,"a-p-33","b-p-069",0.307719517889604
2005,"a-p-34","b-p-070",0.385981750599468
2005,"a-p-34","b-p-071",0.171143856733397
2005,"a-p-35","b-p-072",0.199185174080255
2005,"a-p-35","b-p-073",0.47158936752094
2005,"a-p-36","b-p-074",0.526024061552453
2005,"a-p-36","b-p-075",0.410256867760881
2005,"a-p-36","b-p-076",0.561233747087351
2005,"a-p-38","b-p-079",0.318984983417339
2005,"a-p-38","b-p-080",0.360677180512659
2005,"a-p-38","b-p-081",0.321439870937536
2005,"a-p-39","b-p-082",0.52738259056542
2005,"a-p-39","b-p-083",0.436938812980753
2005,"a-p-39","b-p-085",0.466403189397901
2005,"a-p-42","b-p-090",0.407189757844294
2005,"a-p-42","b-p-091",0.212373763473389
2005,"a-p-44","b-p-093",0.319407245670668
2005,"a-p-44","b-p-094",0.372939197991221
2005,"a-p-44","b-p-095",0.339216887688148
2005,"a-p-45","b-p-096",0.136077450346114
2005,"a-p-45","b-p-098",0.220715672743511
2005,"a-p-47","b-p-100",0.15925887539236
2005,"a-p-47","b-p-101",0.292343551353335
2005,"a-p-48","b-p-102",0.246299397772921
2005,"a-p-48","b-p-103",0.273834708320904
2005,"a-p-50","b-p-105",0.452847470360448
2005,"a-p-50","b-p-106",0.392405186690078
2005,"a-p-52","b-p-109",0.434988124852077
2005,"a-p-52","b-p-110",0.228855892987502
2005,"a-p-53","b-p-111",0.275626220089531
2005,"a-p-53","b-p-112",0.397133086523829
2005,"a-p-56","b-p-118",0.338148576474812
2005,"a-p-56","b-p-119",0.409107566964771
2005,"a-p-59","b-p-123",0.176527855114571
2005,"a-p-59","b-p-124",0.106217542160175
2005,"a-p-63","b-p-131",0.400431098724353
2005,"a-p-63","b-p-132",0.466268727677826
2006,"a-k-01","b-k-01",0.28
2006,"a-k-02","b-k-02",0.258333333333333
2006,"a-k-03","b-k-03",0.438333333333333
2006,"a-k-04","b-k-04",0.363333333333333
2006,"a-k-05","b-k-05",0.473333333333333
2006,"a-k-06","b-k-06",0.468333333333333
2006,"a-k-07","b-k-07",0.3
2006,"a-k-08","b-k-08",0.168333333333333
2006,"a-k-09","b-k-09",0.0166666666666667
2006,"a-k-10","b-k-10",0.18
2006,"a-k-11","b-k-11",0.118333333333333
2006,"a-k-12","b-k-12",0.503333333333333
2006,"a-k-13","b-k-13",0.596666666666667
2006,"a-k-14","b-k-14",0.0483333333333333
2006,"a-k-15","b-k-15",0.035
2006,"a-k-16","b-k-16",0.0466666666666667
2006,"a-k-21","b-k-21",0.361666666666667
2006,"a-k-22","b-k-22",0.283333333333333
2006,"a-k-23","b-k-23",0.475
2006,"a-k-24","b-k-24",0.461666666666667
2006,"a-k-25","b-k-25",0.438333333333333
2006,"a-k-26","b-k-26",0.373333333333333
2006,"a-k-27","b-k-27",0.171666666666667
2006,"a-k-28","b-k-28",0.221666666666667
2006,"a-k-29","b-k-29",0.115
2006,"a-k-30","b-k-30",0.181666666666667
2006,"a-k-31","b-k-31",0.173333333333333
2006,"a-k-32","b-k-32",0.0616666666666667
2006,"a-k-33","b-k-33",0.0866666666666667
2006,"a-k-34","b-k-34",0.301666666666667
2006,"a-k-35","b-k-35",0.0916666666666667
2006,"a-k-36","b-k-36",0.06
2006,"a-k-37","b-k-37",0.126666666666667
2006,"a-l-01","b-l-01",0.0125
2006,"a-l-02","b-l-02",0.1625
2006,"a-l-03","b-l-03",0.466666666666667
2006,"a-l-04","b-l-04",0.470833333333333
2006,"a-l-05","b-l-05",0.2625
2006,"a-l-06","b-l-06",0.06875
2006,"a-l-07","b-l-07",0.23125
2006,"a-l-08","b-l-08",0.21875
2006,"a-l-09","b-l-09",0.4234375
2006,"a-l-10","b-l-10",0.74375
2006,"a-l-11","b-l-11",0.56875
2006,"a-p-04","b-p-008",0.388386287330692
2006,"a-p-04","b-p-009",0.439122206515839
2006,"a-p-04","b-p-010",0.436127787316645
2006,"a-p-06","b-p-014",0.17948034190999
2006,"a-p-06","b-p-015",0.265616848671032
2006,"a-p-06","b-p-016",0.289269176837448
2006,"a-p-07","b-p-017",0.466612901940193
2006,"a-p-07","b-p-018",0.517963019500597
2006,"a-p-07","b-p-019",0.391124261923176
2006,"a-p-14","b-p-028",0.508130091671543
2006,"a-p-14","b-p-029",0.526153766623873
2006,"a-p-19","b-p-036",0.218198531230586
2006,"a-p-19","b-p-037",0.272096964240186
2006,"a-p-24","b-p-044",0.346141034199184
2006,"a-p-24","b-p-045",0.271359782307026
2006,"a-p-33","b-p-068",0.620094682901604
2006,"a-p-33","b-p-069",0.645684483813519
2006,"a-p-34","b-p-070",0.40248752895273
2006,"a-p-34","b-p-071",0.285266615229049
2006,"a-p-35","b-p-072",0.463372002340872
2006,"a-p-35","b-p-073",0.411568697698698
2006,"a-p-36","b-p-074",0.783513181146467
2006,"a-p-36","b-p-075",0.491918251381072
2006,"a-p-36","b-p-076",0.694622679993829
2006,"a-p-38","b-p-079",0.638265880270788
2006,"a-p-38","b-p-080",0.712205280500463
2006,"a-p-38","b-p-081",0.431969989752234
2006,"a-p-39","b-p-082",0.853858323001025
2006,"a-p-39","b-p-083",0.553809662184071
2006,"a-p-39","b-p-085",0.760927901328635
2006,"a-p-42","b-p-090",0.60521045144042
2006,"a-p-42","b-p-091",0.735868184272446
2006,"a-p-44","b-p-093",0.452881237457968
2006,"a-p-44","b-p-094",0.184876107353672
2006,"a-p-44","b-p-095",0.542424388417402
2006,"a-p-45","b-p-096",0.200980774179563
2006,"a-p-45","b-p-098",0.352135466605913
2006,"a-p-47","b-p-100",0.215299456458279
2006,"a-p-47","b-p-101",0.409524785988798
2006,"a-p-48","b-p-102",0.178884142819242
2006,"a-p-48","b-p-103",0.279932974294216
2006,"a-p-50","b-p-105",0.487333677013891
2006,"a-p-50","b-p-106",0.486309401558211
2006,"a-p-52","b-p-109",0.554569942462319
2006,"a-p-52","b-p-110",0.3713739734789
2007,"a-k-01","b-k-01",0.416666666666667
2007,"a-k-02","b-k-02",0.183333333333333
2007,"a-k-03","b-k-03",0.51
2007,"a-k-04","b-k-04",0.5
2007,"a-k-05","b-k-05",0.431666666666667
2007,"a-k-06","b-k-06",0.538333333333333
2007,"a-k-07","b-k-07",0.33
2007,"a-k-08","b-k-08",0.168333333333333
2007,"a-k-09","b-k-09",0.03
2007,"a-k-10","b-k-10",0.223333333333333
2007,"a-k-11","b-k-11",0.065
2007,"a-k-12","b-k-12",0.386666666666667
2007,"a-k-13","b-k-13",0.288333333333333
2007,"a-k-14","b-k-14",0.0533333333333333
2007,"a-k-15","b-k-15",0.0466666666666667
2007,"a-k-16","b-k-16",0.0333333333333333
2007,"a-k-21","b-k-21",0.51
2007,"a-k-22","b-k-22",0.283333333333333
2007,"a-k-23","b-k-23",0.455
2007,"a-k-24","b-k-24",0.731666666666667
2007,"a-k-25","b-k-25",0.541666666666667
2007,"a-k-26","b-k-26",0.32
2007,"a-k-27","b-k-27",0.126666666666667
2007,"a-k-28","b-k-28",0.158333333333333
2007,"a-k-29","b-k-29",0.171666666666667
2007,"a-k-30","b-k-30",0.146666666666667
2007,"a-k-31","b-k-31",0.166666666666667
2007,"a-k-32","b-k-32",0.075
2007,"a-k-33","b-k-33",0.0666666666666667
2007,"a-k-34","b-k-34",0.0933333333333333
2007,"a-k-35","b-k-35",0.135
2007,"a-k-36","b-k-36",0.0566666666666667
2007,"a-k-37","b-k-37",0.19
2007,"a-l-01","b-l-01",0.0875
2007,"a-l-02","b-l-02",0.19375
2007,"a-l-03","b-l-03",0.420833333333333
2007,"a-l-04","b-l-04",0.275
2007,"a-l-05","b-l-05",0.2125
2007,"a-l-06","b-l-06",0.2
2007,"a-l-07","b-l-07",0.25
2007,"a-l-08","b-l-08",0.525
2007,"a-l-09","b-l-09",0.5453125
2007,"a-l-10","b-l-10",0.45
2007,"a-l-11","b-l-11",0.30625
2007,"a-p-01","b-p-001",0.353171646087434
2007,"a-p-01","b-p-002",0.269404307632142
2007,"a-p-01","b-p-003",0.396969740105274
2007,"a-p-03","b-p-005",0.344149333988039
2007,"a-p-03","b-p-006",0.260865782667435
2007,"a-p-03","b-p-007",0.395689368930323
2007,"a-p-04","b-p-008",0.337376483545311
2007,"a-p-04","b-p-009",0.319416154088414
2007,"a-p-04","b-p-010",0.386004094114355
2007,"a-p-05","b-p-011",0.27700227612905
2007,"a-p-05","b-p-012",0.429666404686109
2007,"a-p-05","b-p-013",0.507085131899116
2007,"a-p-06","b-p-014",0.286089672281911
2007,"a-p-06","b-p-015",0.329377615426621
2007,"a-p-06","b-p-016",0.412655557678905
2007,"a-p-07","b-p-017",0.227392585344441
2007,"a-p-07","b-p-018",0.344954143269713
2007,"a-p-07","b-p-019",0.23549869591107
2007,"a-p-14","b-p-028",0.370895117268109
2007,"a-p-14","b-p-029",0.377602974660927
2007,"a-p-19","b-p-036",0.309379777114213
2007,"a-p-19","b-p-037",0.281377592518058
2007,"a-p-22","b-p-040",0.43577836780583
2007,"a-p-22","b-p-041",0.369905161601435
2007,"a-p-22","b-p-042",0.345480646477016
2007,"a-p-32","b-p-066",0.50646105369082
2007,"a-p-32","b-p-067",0.534502084131989
2007,"a-p-33","b-p-068",0.546851203259582
2007,"a-p-33","b-p-069",0.530733678191248
2007,"a-p-34","b-p-070",0.437264790648176
2007,"a-p-34","b-p-071",0.118008325309991
2007,"a-p-35","b-p-072",0.274696400418798
2007,"a-p-35","b-p-073",0.393933939042064
2007,"a-p-36","b-p-074",0.614707482057733
2007,"a-p-36","b-p-075",0.666702215561935
2007,"a-p-36","b-p-076",0.582967413193644
2007,"a-p-37","b-p-077",0.421313960674847
2007,"a-p-37","b-p-078",0.28017804734405
2007,"a-p-38","b-p-079",0.505600332276106
2007,"a-p-38","b-p-080",0.603075062195181
2007,"a-p-38","b-p-081",0.405122195437544
2007,"a-p-39","b-p-082",0.463892530085304
2007,"a-p-39","b-p-083",0.667461249131549
2007,"a-p-39","b-p-085",0.554769501588103
2007,"a-p-40","b-p-086",0.3699955392568
2007,"a-p-40","b-p-087",0.506076285608123
2007,"a-p-41","b-p-088",0.488911387495967
2007,"a-p-41","b-p-089",0.30553607760781
2007,"a-p-42","b-p-090",0.467195297528079
2007,"a-p-42","b-p-091",0.588408609839637
2007,"a-p-43","b-p-092",0.328401861727178
2007,"a-p-44","b-p-093",0.235035122135684
2007,"a-p-44","b-p-094",0.276954571001667
2007,"a-p-44","b-p-095",0.185880365753185
2007,"a-p-45","b-p-096",0.140249001261122
2007,"a-p-45","b-p-098",0.117899476905262
2007,"a-p-47","b-p-100",0.145845560389491
2007,"a-p-47","b-p-101",0.185263721983572
2007,"a-p-48","b-p-102",0.263784771824056
2007,"a-p-48","b-p-103",0.168358729345257
2007,"a-p-50","b-p-105",0.50089066930428
2007,"a-p-50","b-p-106",0.314912246180482
2007,"a-p-52","b-p-109",0.303176171739798
2007,"a-p-52","b-p-110",0.291254029511358
2007,"a-p-56","b-p-118",0.423880493551968
2007,"a-p-56","b-p-119",0.331907552086934
2007,"a-p-57","b-p-120",0.279123630158925
2007,"a-p-57","b-p-121",0.208062485297872
2007,"a-p-59","b-p-123",0.352876260128002
2007,"a-p-59","b-p-124",0.455060471635978
2007,"a-p-60","b-p-125",0.622777442659864
2007,"a-p-60","b-p-126",0.370811108391889
2007,"a-p-64","b-p-133",0.35912944537202
2007,"a-p-64","b-p-134",0.375101627126708
2007,"a-p-65","b-p-135",0.203194416967953
2007,"a-p-65","b-p-136",0.22501873038372
2008,"a-k-01","b-k-01",0.318333333333333
2008,"a-k-02","b-k-02",0.17
2008,"a-k-03","b-k-03",0.726666666666667
2008,"a-k-04","b-k-04",0.54
2008,"a-k-05","b-k-05",0.408333333333333
2008,"a-k-06","b-k-06",0.67
2008,"a-k-07","b-k-07",0.466666666666667
2008,"a-k-08","b-k-08",0.2
2008,"a-k-09","b-k-09",0.0316666666666667
2008,"a-k-10","b-k-10",0.24
2008,"a-k-11","b-k-11",0.118333333333333
2008,"a-k-12","b-k-12",0.426666666666667
2008,"a-k-13","b-k-13",0.383333333333333
2008,"a-k-14","b-k-14",0.085
2008,"a-k-15","b-k-15",0.0783333333333333
2008,"a-k-16","b-k-16",0.0516666666666667
2008,"a-k-21","b-k-21",0.446666666666667
2008,"a-k-22","b-k-22",0.53
2008,"a-k-23","b-k-23",0.596666666666667
2008,"a-k-24","b-k-24",0.676666666666667
2008,"a-k-25","b-k-25",0.74
2008,"a-k-26","b-k-26",0.173333333333333
2008,"a-k-27","b-k-27",0.19
2008,"a-k-28","b-k-28",0.22
2008,"a-k-29","b-k-29",0.128333333333333
2008,"a-k-30","b-k-30",0.131666666666667
2008,"a-k-31","b-k-31",0.278333333333333
2008,"a-k-32","b-k-32",0.143333333333333
2008,"a-k-33","b-k-33",0.0716666666666667
2008,"a-k-34","b-k-34",0.166666666666667
2008,"a-k-35","b-k-35",0.243333333333333
2008,"a-k-36","b-k-36",0.0766666666666667
2008,"a-k-37","b-k-37",0.23
2008,"a-l-01","b-l-01",0.0375
2008,"a-l-02","b-l-02",0.20625
2008,"a-l-03","b-l-03",0.314583333333333
2008,"a-l-04","b-l-04",0.216666666666667
2008,"a-l-05","b-l-05",0.1546875
2008,"a-l-06","b-l-06",0.1375
2008,"a-l-07","b-l-07",0.19375
2008,"a-l-08","b-l-08",0.30625
2008,"a-l-09","b-l-09",0.39375
2008,"a-l-10","b-l-10",0.5125
2008,"a-l-11","b-l-11",0.44375
2008,"a-p-03","b-p-005",0.227505623938608
2008,"a-p-03","b-p-006",0.353635733507312
2008,"a-p-03","b-p-007",0.271279597056504
2008,"a-p-04","b-p-008",0.261142294072337
2008,"a-p-04","b-p-009",0.260659967350066
2008,"a-p-04","b-p-010",0.243558413879616
2008,"a-p-05","b-p-011",0.277765320676693
2008,"a-p-05","b-p-012",0.437434950576585
2008,"a-p-05","b-p-013",0.353123942450962
2008,"a-p-06","b-p-014",0.319875887527086
2008,"a-p-06","b-p-015",0.370036188306554
2008,"a-p-06","b-p-016",0.343881179524829
2008,"a-p-07","b-p-017",0.294633394119483
2008,"a-p-07","b-p-018",0.311479184565998
2008,"a-p-07","b-p-019",0.212920504457285
2008,"a-p-14","b-p-028",0.134944062983624
2008,"a-p-14","b-p-029",0.0895807008054618
2008,"a-p-19","b-p-036",0.146363534616351
2008,"a-p-19","b-p-037",0.0729738579374924
2008,"a-p-22","b-p-040",0.404038252231134
2008,"a-p-22","b-p-041",0.356037611044567
2008,"a-p-22","b-p-042",0.311085499564963
2008,"a-p-33","b-p-068",0.3593781393532
2008,"a-p-33","b-p-069",0.285269280138909
2008,"a-p-34","b-p-070",0.357925141878565
2008,"a-p-34","b-p-071",0.285263743855708
2008,"a-p-35","b-p-072",0.280140382837053
2008,"a-p-35","b-p-073",0.32036343432034
2008,"a-p-36","b-p-074",0.647111120725836
2008,"a-p-36","b-p-075",0.378581359262933
2008,"a-p-36","b-p-076",0.444935134356889
2008,"a-p-38","b-p-079",0.320499632183479
2008,"a-p-38","b-p-080",0.436357534795091
2008,"a-p-38","b-p-081",0.395682909485565
2008,"a-p-39","b-p-082",0.380921606880522
2008,"a-p-39","b-p-083",0.339000474779767
2008,"a-p-39","b-p-085",0.302906404407812
2008,"a-p-42","b-p-090",0.658798793704516
2008,"a-p-42","b-p-091",0.439099014756705
2008,"a-p-43","b-p-092",0.308436815866007
2008,"a-p-44","b-p-093",0.193601111840523
2008,"a-p-44","b-p-094",0.193270019475954
2008,"a-p-44","b-p-095",0.321926305053579
2008,"a-p-45","b-p-096",0.206826017889902
2008,"a-p-45","b-p-098",0.302194805054114
2008,"a-p-47","b-p-100",0.134649356303919
2008,"a-p-47","b-p-101",0.185293903275637
2008,"a-p-48","b-p-102",0.207474829838285
2008,"a-p-48","b-p-103",0.2593764668851
2008,"a-p-50","b-p-105",0.587202816030427
2008,"a-p-50","b-p-106",0.310676837796461
2008,"a-p-52","b-p-109",0.297425258712972
2008,"a-p-52","b-p-110",0.100945224478458
2008,"a-p-56","b-p-118",0.398071063002719
2008,"a-p-56","b-p-119",0.319462250173683
2008,"a-p-57","b-p-120",0.286512736656613
2008,"a-p-57","b-p-121",0.243926239548731
2008,"a-p-59","b-p-123",0.387341303293565
2008,"a-p-59","b-p-124",0.415054210729094
2008,"a-p-60","b-p-125",0.405660277103201
2008,"a-p-60","b-p-126",0.461003069109319
2008,"a-p-64","b-p-133",0.305890591282868
2008,"a-p-64","b-p-134",0.390046580826937
2009,"a-k-01","b-k-01",0.483333333333333
2009,"a-k-02","b-k-02",0.11
2009,"a-k-03","b-k-03",0.658333333333333
2009,"a-k-04","b-k-04",0.535
2009,"a-k-05","b-k-05",0.26
2009,"a-k-06","b-k-06",0.555
2009,"a-k-07","b-k-07",0.703333333333333
2009,"a-k-08","b-k-08",0.178333333333333
2009,"a-k-09","b-k-09",0.0516666666666667
2009,"a-k-10","b-k-10",0.0766666666666667
2009,"a-k-11","b-k-11",0.0466666666666667
2009,"a-k-12","b-k-12",0.321666666666667
2009,"a-k-13","b-k-13",0.428333333333333
2009,"a-k-14","b-k-14",0.111666666666667
2009,"a-k-15","b-k-15",0.135
2009,"a-k-16","b-k-16",0.0683333333333333
2009,"a-k-21","b-k-21",0.308333333333333
2009,"a-k-22","b-k-22",0.408333333333333
2009,"a-k-23","b-k-23",0.488333333333333
2009,"a-k-24","b-k-24",0.496666666666667
2009,"a-k-25","b-k-25",0.453333333333333
2009,"a-k-26","b-k-26",0.281666666666667
2009,"a-k-27","b-k-27",0.205
2009,"a-k-28","b-k-28",0.216666666666667
2009,"a-k-29","b-k-29",0.18
2009,"a-k-30","b-k-30",0.185
2009,"a-k-31","b-k-31",0.176666666666667
2009,"a-k-32","b-k-32",0.0883333333333333
2009,"a-k-33","b-k-33",0.106666666666667
2009,"a-k-34","b-k-34",0.131666666666667
2009,"a-k-35","b-k-35",0.165
2009,"a-k-36","b-k-36",0.0466666666666667
2009,"a-k-37","b-k-37",0.395
2009,"a-l-01","b-l-01",0.0125
2009,"a-l-02","b-l-02",0.2375
2009,"a-l-03","b-l-03",0.34375
2009,"a-l-04","b-l-04",0.329166666666667
2009,"a-l-05","b-l-05",0.2078125
2009,"a-l-06","b-l-06",0.3375
2009,"a-l-07","b-l-07",0.375
2009,"a-l-08","b-l-08",0.50625
2009,"a-l-09","b-l-09",0.3640625
2009,"a-l-10","b-l-10",0.5375
2009,"a-l-11","b-l-11",0.54375
2009,"a-p-01","b-p-001",0.288901647460893
2009,"a-p-01","b-p-002",0.369601782586471
2009,"a-p-01","b-p-003",0.312331483567356
2009,"a-p-03","b-p-005",0.260465811681839
2009,"a-p-03","b-p-006",0.235519880273562
2009,"a-p-03","b-p-007",0.379220974661578
2009,"a-p-04","b-p-008",0.392450550856094
2009,"a-p-04","b-p-009",0.446024786969921
2009,"a-p-04","b-p-010",0.244110344408674
2009,"a-p-05","b-p-011",0.235126532374563
2009,"a-p-05","b-p-012",0.277668659711999
2009,"a-p-05","b-p-013",0.345222043392919
2009,"a-p-06","b-p-014",0.25240791873345
2009,"a-p-06","b-p-015",0.277576024888262
2009,"a-p-06","b-p-016",0.22806168575598
2009,"a-p-07","b-p-017",0.244492970593346
2009,"a-p-07","b-p-018",0.101159434666324
2009,"a-p-07","b-p-019",0.346885665842672
2009,"a-p-14","b-p-028",0.179869923475226
2009,"a-p-14","b-p-029",0.181414410642312
2009,"a-p-18","b-p-034",0.319803659330584
2009,"a-p-18","b-p-035",0.416733957880578
2009,"a-p-19","b-p-036",0.123467403512717
2009,"a-p-19","b-p-037",0.10153061221141
2009,"a-p-22","b-p-040",0.259829947102546
2009,"a-p-22","b-p-041",0.279152022423057
2009,"a-p-22","b-p-042",0.319220162935165
2009,"a-p-24","b-p-044",0.246086176391256
2009,"a-p-24","b-p-045",0.107716307484115
2009,"a-p-32","b-p-066",0.330414604410016
2009,"a-p-32","b-p-067",0.253166288181393
2009,"a-p-33","b-p-068",0.309516198345859
2009,"a-p-33","b-p-069",0.309378274637941
2009,"a-p-34","b-p-070",0.294239872548616
2009,"a-p-34","b-p-071",0.488134138705015
2009,"a-p-35","b-p-072",0.330728836838644
2009,"a-p-35","b-p-073",0.336424743177402
2009,"a-p-36","b-p-074",0.521354969170246
2009,"a-p-36","b-p-075",0.488141586963273
2009,"a-p-36","b-p-076",0.540361739514506
2009,"a-p-37","b-p-077",0.375580918524277
2009,"a-p-37","b-p-078",0.325331234609889
2009,"a-p-38","b-p-079",0.278293197150006
2009,"a-p-38","b-p-080",0.470889502499299
2009,"a-p-38","b-p-081",0.38706139158909
2009,"a-p-39","b-p-082",0.691086691735858
2009,"a-p-39","b-p-083",0.4494090113273
2009,"a-p-39","b-p-085",0.19311541448271
2009,"a-p-40","b-p-086",0.235751369172307
2009,"a-p-40","b-p-087",0.410280090303757
2009,"a-p-41","b-p-088",0.309110818540152
2009,"a-p-41","b-p-089",0.41571304481801
2009,"a-p-42","b-p-090",0.567719318709935
2009,"a-p-42","b-p-091",0.19729442771108
2009,"a-p-43","b-p-092",0.290007911519403
2009,"a-p-44","b-p-093",0.336280143221819
2009,"a-p-44","b-p-094",0.0418490920070742
2009,"a-p-44","b-p-095",0.151780970379835
2009,"a-p-45","b-p-096",0.157105149345003
2009,"a-p-45","b-p-098",0.168033770237861
2009,"a-p-47","b-p-100",0.145531910710563
2009,"a-p-47","b-p-101",0.302225451956799
2009,"a-p-48","b-p-102",0.112277934753168
2009,"a-p-48","b-p-103",0.0900301514530593
2009,"a-p-50","b-p-105",0.275519614640736
2009,"a-p-50","b-p-106",0.207220129515673
2009,"a-p-52","b-p-109",0.324816708819008
2009,"a-p-52","b-p-110",0.207325723920212
2009,"a-p-56","b-p-118",0.207576593176626
2009,"a-p-56","b-p-119",0.235336809625258
2009,"a-p-57","b-p-120",0.117856471828985
2009,"a-p-57","b-p-121",0.22385918851813
2009,"a-p-59","b-p-123",0.145785619657544
2009,"a-p-59","b-p-124",0.184719129690133
2009,"a-p-60","b-p-125",0.33674257588558
2009,"a-p-60","b-p-126",0.151668392055229
2009,"a-p-64","b-p-133",0.206924197510527
2009,"a-p-64","b-p-134",0.168225263323511
2009,"a-p-65","b-p-135",0.129578001620776
2009,"a-p-65","b-p-136",0.151031876899478
2009,"a-p-66","b-p-137",0.258780375950931
2009,"a-p-68","b-p-139",0.269741831133674
2010,"a-k-01","b-k-01",0.315
2010,"a-k-02","b-k-02",0.075
2010,"a-k-03","b-k-03",0.835
2010,"a-k-04","b-k-04",0.763333333333333
2010,"a-k-05","b-k-05",0.115
2010,"a-k-06","b-k-06",0.386666666666667
2010,"a-k-07","b-k-07",0.573333333333333
2010,"a-k-08","b-k-08",0.365
2010,"a-k-09","b-k-09",0.03
2010,"a-k-10","b-k-10",0.075
2010,"a-k-11","b-k-11",0.0616666666666667
2010,"a-k-12","b-k-12",0.553333333333333
2010,"a-k-13","b-k-13",0.175
2010,"a-k-14","b-k-14",0.0283333333333333
2010,"a-k-15","b-k-15",0.1
2010,"a-k-16","b-k-16",0.0566666666666667
2010,"a-k-21","b-k-21",0.341666666666667
2010,"a-k-22","b-k-22",0.3
2010,"a-k-23","b-k-23",0.305
2010,"a-k-24","b-k-24",0.713333333333333
2010,"a-k-25","b-k-25",0.608333333333333
2010,"a-k-26","b-k-26",0.211666666666667
2010,"a-k-27","b-k-27",0.205
2010,"a-k-28","b-k-28",0.34
2010,"a-k-29","b-k-29",0.123333333333333
2010,"a-k-30","b-k-30",0.155
2010,"a-k-31","b-k-31",0.156666666666667
2010,"a-k-32","b-k-32",0.191666666666667
2010,"a-k-33","b-k-33",0.135
2010,"a-k-34","b-k-34",0.13
2010,"a-k-35","b-k-35",0.0783333333333333
2010,"a-k-36","b-k-36",0.04
2010,"a-k-37","b-k-37",0.485
2010,"a-l-01","b-l-01",0.01875
2010,"a-l-02","b-l-02",0.0875
2010,"a-l-03","b-l-03",0.308333333333333
2010,"a-l-04","b-l-04",0.270833333333333
2010,"a-l-05","b-l-05",0.2796875
2010,"a-l-06","b-l-06",0.23125
2010,"a-l-07","b-l-07",0.23125
2010,"a-l-08","b-l-08",0.2625
2010,"a-l-09","b-l-09",0.296875
2010,"a-l-10","b-l-10",0.36875
2010,"a-l-11","b-l-11",0.4625
2010,"a-p-04","b-p-008",0.294175948281558
2010,"a-p-04","b-p-009",0.398275683312411
2010,"a-p-04","b-p-010",0.261004335378809
2010,"a-p-05","b-p-011",0.278023273806146
2010,"a-p-05","b-p-012",0.177252513665169
2010,"a-p-05","b-p-013",0.336245125410366
2010,"a-p-06","b-p-014",0.202830694553832
2010,"a-p-06","b-p-015",0.294904716845964
2010,"a-p-06","b-p-016",0.2609225995398
2010,"a-p-07","b-p-017",0.185636081531361
2010,"a-p-07","b-p-018",0.126583061160625
2010,"a-p-07","b-p-019",0.287580391896559
2010,"a-p-09","b-p-022",0.223979245162778
2010,"a-p-09","b-p-023",0.12903943423075
2010,"a-p-10","b-p-024",0.173969173776088
2010,"a-p-14","b-p-028",0.493605556576245
2010,"a-p-14","b-p-029",0.380591998409803
2010,"a-p-15","b-p-030",0.375531272725375
2010,"a-p-16","b-p-031",0.365147119143637
2010,"a-p-17","b-p-032",0.309441961900805
2010,"a-p-17","b-p-033",0.202215198573698
2010,"a-p-18","b-p-034",0.201715236220018
2010,"a-p-18","b-p-035",0.129071277049169
2010,"a-p-19","b-p-036",0.375268105939545
2010,"a-p-19","b-p-037",0.173747894577753
2010,"a-p-20","b-p-038",0.460056441607537
2010,"a-p-21","b-p-039",0.303507285906758
2010,"a-p-22","b-p-040",0.349436520757299
2010,"a-p-22","b-p-041",0.219431067129927
2010,"a-p-22","b-p-042",0.672294749474896
2010,"a-p-23","b-p-043",0.404309693310321
2010,"a-p-32","b-p-066",0.235981516432191
2010,"a-p-32","b-p-067",0.275555446194731
2010,"a-p-33","b-p-068",0.33225578987996
2010,"a-p-33","b-p-069",0.256805824784819
2010,"a-p-34","b-p-070",0.247129470294166
2010,"a-p-34","b-p-071",0.292120310171065
2010,"a-p-35","b-p-072",0.29013653155238
2010,"a-p-35","b-p-073",0.34871085055874
2010,"a-p-36","b-p-074",0.421198575111374
2010,"a-p-36","b-p-075",0.438888667705007
2010,"a-p-36","b-p-076",0.480210323544181
2010,"a-p-38","b-p-079",0.353787879172906
2010,"a-p-38","b-p-080",0.514902876053165
2010,"a-p-38","b-p-081",0.453168480066601
2010,"a-p-39","b-p-082",0.724241300932905
2010,"a-p-39","b-p-083",0.605080541487029
2010,"a-p-39","b-p-085",0.454522642202679
2010,"a-p-42","b-p-090",0.569285967369879
2010,"a-p-42","b-p-091",0.386946217652767
2010,"a-p-44","b-p-093",0.574657193778528
2010,"a-p-44","b-p-094",0.150923902816207
2010,"a-p-44","b-p-095",0.432242298912223
2010,"a-p-45","b-p-096",0.0956388838158114
2010,"a-p-45","b-p-098",0.167646060724826
2010,"a-p-47","b-p-100",0.224729785929227
2010,"a-p-47","b-p-101",0.294412853984279
2010,"a-p-48","b-p-102",0.241429144352885
2010,"a-p-48","b-p-103",0.196031924204323
2010,"a-p-50","b-p-105",0.420145937395692
2010,"a-p-50","b-p-106",0.329900405049873
2010,"a-p-52","b-p-109",0.447087777060958
2010,"a-p-52","b-p-110",0.342117951260185
2010,"a-p-57","b-p-120",0.168456484710926
2010,"a-p-57","b-p-121",0.212961491856898
2010,"a-p-60","b-p-125",0.391750278546936
2010,"a-p-60","b-p-126",0.322263441206774
2010,"a-p-64","b-p-133",0.336243483707863
2010,"a-p-64","b-p-134",0.476896395384147
2011,"a-k-01","b-k-01",0.365
2011,"a-k-02","b-k-02",0.153333333333333
2011,"a-k-03","b-k-03",0.795
2011,"a-k-04","b-k-04",0.728333333333333
2011,"a-k-05","b-k-05",0.101666666666667
2011,"a-k-06","b-k-06",0.378333333333333
2011,"a-k-07","b-k-07",0.686666666666667
2011,"a-k-08","b-k-08",0.188333333333333
2011,"a-k-09","b-k-09",0.0416666666666667
2011,"a-k-10","b-k-10",0.0883333333333333
2011,"a-k-11","b-k-11",0.103333333333333
2011,"a-k-12","b-k-12",0.495
2011,"a-k-13","b-k-13",0.313333333333333
2011,"a-k-14","b-k-14",0.03
2011,"a-k-15","b-k-15",0.156666666666667
2011,"a-k-16","b-k-16",0.135
2011,"a-k-21","b-k-21",0.39
2011,"a-k-22","b-k-22",0.365
2011,"a-k-23","b-k-23",0.235
2011,"a-k-24","b-k-24",0.381666666666667
2011,"a-k-25","b-k-25",0.356666666666667
2011,"a-k-26","b-k-26",0.218333333333333
2011,"a-k-27","b-k-27",0.206666666666667
2011,"a-k-28","b-k-28",0.503333333333333
2011,"a-k-29","b-k-29",0.16
2011,"a-k-30","b-k-30",0.351666666666667
2011,"a-k-31","b-k-31",0.07
2011,"a-k-32","b-k-32",0.233333333333333
2011,"a-k-33","b-k-33",0.156666666666667
2011,"a-k-34","b-k-34",0.123333333333333
2011,"a-k-35","b-k-35",0.116666666666667
2011,"a-k-36","b-k-36",0.0683333333333333
2011,"a-k-37","b-k-37",0.661666666666667
2011,"a-l-01","b-l-01",0.15625
2011,"a-l-02","b-l-02",0.31875
2011,"a-l-03","b-l-03",0.266666666666667
2011,"a-l-04","b-l-04",0.204166666666667
2011,"a-l-05","b-l-05",0.1625
2011,"a-l-06","b-l-06",0.1125
2011,"a-l-07","b-l-07",0.2640625
2011,"a-l-08","b-l-08",0.7375
2011,"a-l-09","b-l-09",0.2609375
2011,"a-l-10","b-l-10",0.475
2011,"a-l-11","b-l-11",0.56875
2011,"a-p-04","b-p-008",0.243711308644479
2011,"a-p-04","b-p-009",0.370909471282509
2011,"a-p-04","b-p-010",0.369836628603578
2011,"a-p-05","b-p-011",0.346728056298667
2011,"a-p-05","b-p-012",0.269133785925565
2011,"a-p-05","b-p-013",0.337300077881923
2011,"a-p-06","b-p-014",0.126715658635025
2011,"a-p-06","b-p-015",0.168094667228078
2011,"a-p-06","b-p-016",0.143500271561886
2011,"a-p-07","b-p-017",0.378154274257475
2011,"a-p-07","b-p-018",0.252349659643046
2011,"a-p-07","b-p-019",0.294444962672104
2011,"a-p-09","b-p-022",0.130419604865024
2011,"a-p-09","b-p-023",0.0560788518882492
2011,"a-p-10","b-p-024",0.0729369693723919
2011,"a-p-14","b-p-028",0.30423726096949
2011,"a-p-14","b-p-029",0.198402160779327
2011,"a-p-15","b-p-030",0.246668706351435
2011,"a-p-16","b-p-031",0.241684359780564
2011,"a-p-17","b-p-032",0.139322615120576
2011,"a-p-17","b-p-033",0.185773011644853
2011,"a-p-18","b-p-034",0.06731357098367
2011,"a-p-18","b-p-035",0.162435157641599
2011,"a-p-19","b-p-036",0.224208087591907
2011,"a-p-19","b-p-037",0.17402924002469
2011,"a-p-20","b-p-038",0.352537740833301
2011,"a-p-21","b-p-039",0.224199171068534
2011,"a-p-22","b-p-040",0.263499905389048
2011,"a-p-22","b-p-041",0.269339109340267
2011,"a-p-22","b-p-042",0.226845657573414
2011,"a-p-23","b-p-043",0.269587025809998
2011,"a-p-32","b-p-066",0.307997218035349
2011,"a-p-32","b-p-067",0.472915358204404
2011,"a-p-33","b-p-068",0.319037019558503
2011,"a-p-33","b-p-069",0.415159214339017
2011,"a-p-34","b-p-070",0.128622406191826
2011,"a-p-34","b-p-071",0.419895862673768
2011,"a-p-35","b-p-072",0.223733729079741
2011,"a-p-35","b-p-073",0.281454254111029
2011,"a-p-36","b-p-074",0.450515015089285
2011,"a-p-36","b-p-075",0.219145095725649
2011,"a-p-36","b-p-076",0.330913879804558
2011,"a-p-38","b-p-079",0.549081785931872
2011,"a-p-38","b-p-080",0.412017120172194
2011,"a-p-38","b-p-081",0.395502387391109
2011,"a-p-39","b-p-082",0.624771611910174
2011,"a-p-39","b-p-083",0.454940472533763
2011,"a-p-39","b-p-085",0.373047279368832
2011,"a-p-42","b-p-090",0.431812153616319
2011,"a-p-42","b-p-091",0.252065309434567
2011,"a-p-44","b-p-093",0.445643754436273
2011,"a-p-44","b-p-094",0.126852253421663
2011,"a-p-44","b-p-095",0.302167234013223
2011,"a-p-45","b-p-096",0.0834045923702957
2011,"a-p-45","b-p-098",0.230360226368894
2011,"a-p-47","b-p-100",0.101401516121523
2011,"a-p-47","b-p-101",0.168335285320709
2011,"a-p-48","b-p-102",0.11819513689127
2011,"a-p-48","b-p-103",0.0898212572582595
2011,"a-p-50","b-p-105",0.431965378430186
2011,"a-p-50","b-p-106",0.202843402394413
2011,"a-p-52","b-p-109",0.235371970427297
2011,"a-p-52","b-p-110",0.168485164963748
2011,"a-p-57","b-p-120",0.308954240546709
2011,"a-p-57","b-p-121",0.251867363053514
2011,"a-p-60","b-p-125",0.298086556623537
2011,"a-p-60","b-p-126",0.35418041508352
2011,"a-p-64","b-p-133",0.331469215238332
2011,"a-p-64","b-p-134",0.331954207350044
2012,"a-k-01","b-k-01",0.255
2012,"a-k-02","b-k-02",0.0666666666666667
2012,"a-k-03","b-k-03",0.435
2012,"a-k-04","b-k-04",0.425
2012,"a-k-05","b-k-05",0.166666666666667
2012,"a-k-06","b-k-06",0.243333333333333
2012,"a-k-07","b-k-07",0.46
2012,"a-k-08","b-k-08",0.168333333333333
2012,"a-k-09","b-k-09",0.0333333333333333
2012,"a-k-10","b-k-10",0.0566666666666667
2012,"a-k-11","b-k-11",0.06
2012,"a-k-12","b-k-12",0.228333333333333
2012,"a-k-13","b-k-13",0.54
2012,"a-k-14","b-k-14",0.0266666666666667
2012,"a-k-15","b-k-15",0.0916666666666667
2012,"a-k-16","b-k-16",0.263333333333333
2012,"a-k-21","b-k-21",0.376666666666667
2012,"a-k-22","b-k-22",0.208333333333333
2012,"a-k-23","b-k-23",0.095
2012,"a-k-24","b-k-24",0.578333333333333
2012,"a-k-25","b-k-25",0.416666666666667
2012,"a-k-26","b-k-26",0.133333333333333
2012,"a-k-27","b-k-27",0.246666666666667
2012,"a-k-28","b-k-28",0.483333333333333
2012,"a-k-29","b-k-29",0.165
2012,"a-k-30","b-k-30",0.315
2012,"a-k-31","b-k-31",0.12
2012,"a-k-32","b-k-32",0.16
2012,"a-k-33","b-k-33",0.103333333333333
2012,"a-k-34","b-k-34",0.156666666666667
2012,"a-k-35","b-k-35",0.133333333333333
2012,"a-k-36","b-k-36",0.0433333333333333
2012,"a-k-37","b-k-37",0.563333333333333
2012,"a-l-01","b-l-01",0.175
2012,"a-l-02","b-l-02",0.125
2012,"a-l-03","b-l-03",0.335416666666667
2012,"a-l-04","b-l-04",0.154166666666667
2012,"a-l-05","b-l-05",0.171875
2012,"a-l-06","b-l-06",0.0875
2012,"a-l-07","b-l-07",0.160714285714286
2012,"a-l-08","b-l-08",0.58125
2012,"a-l-09","b-l-09",0.409375
2012,"a-l-10","b-l-10",0.7125
2012,"a-l-11","b-l-11",0.4875
2012,"a-p-04","b-p-008",0.371114843582192
2012,"a-p-04","b-p-009",0.344149559738829
2012,"a-p-04","b-p-010",0.328420277206717
2012,"a-p-05","b-p-011",0.184638575710998
2012,"a-p-05","b-p-012",0.21885455541973
2012,"a-p-05","b-p-013",0.344359071167023
2012,"a-p-06","b-p-014",0.278028536444155
2012,"a-p-06","b-p-015",0.10961632104131
2012,"a-p-06","b-p-016",0.311112865109009
2012,"a-p-07","b-p-017",0.269012793824722
2012,"a-p-07","b-p-018",0.311044841600202
2012,"a-p-07","b-p-019",0.304133908766557
2012,"a-p-09","b-p-022",0.263787178097174
2012,"a-p-09","b-p-023",0.117435426685556
2012,"a-p-10","b-p-024",0.134673322399886
2012,"a-p-14","b-p-028",0.174056271865578
2012,"a-p-14","b-p-029",0.151468815878107
2012,"a-p-15","b-p-030",0.304146398675497
2012,"a-p-16","b-p-031",0.415397293096421
2012,"a-p-17","b-p-032",0.0616660895579152
2012,"a-p-17","b-p-033",0.168384903734974
2012,"a-p-18","b-p-034",0.145991998110448
2012,"a-p-18","b-p-035",0.235988539976287
2012,"a-p-19","b-p-036",0.470601958538702
2012,"a-p-19","b-p-037",0.162905441554372
2012,"a-p-20","b-p-038",0.47595791719556
2012,"a-p-21","b-p-039",0.337327738193672
2012,"a-p-22","b-p-040",0.337405525283793
2012,"a-p-22","b-p-041",0.100897391409442
2012,"a-p-22","b-p-042",0.603836546791049
2012,"a-p-23","b-p-043",0.319226957993563
2012,"a-p-32","b-p-066",0.431995969085808
2012,"a-p-32","b-p-067",0.364252445360346
2012,"a-p-33","b-p-068",0.325929623749243
2012,"a-p-33","b-p-069",0.374452720812991
2012,"a-p-34","b-p-070",0.123622080725259
2012,"a-p-34","b-p-071",0.543792584550714
2012,"a-p-35","b-p-072",0.241013937958823
2012,"a-p-35","b-p-073",0.302751278054293
2012,"a-p-36","b-p-074",0.513939057890726
2012,"a-p-36","b-p-075",0.370597654780234
2012,"a-p-36","b-p-076",0.478657692098957
2012,"a-p-38","b-p-079",0.520731017729633
2012,"a-p-38","b-p-080",0.60602819844241
2012,"a-p-38","b-p-081",0.429653900182371
2012,"a-p-39","b-p-082",0.420757688685072
2012,"a-p-39","b-p-083",0.463019875134918
2012,"a-p-39","b-p-085",0.428322674627121
2012,"a-p-42","b-p-090",0.59500552818276
2012,"a-p-42","b-p-091",0.297125972425257
2012,"a-p-44","b-p-093",0.286393610524796
2012,"a-p-44","b-p-094",0.186190469592524
2012,"a-p-44","b-p-095",0.286448744040711
2012,"a-p-45","b-p-096",0.157244836855484
2012,"a-p-45","b-p-098",0.207732397358463
2012,"a-p-47","b-p-100",0.201565404554305
2012,"a-p-47","b-p-101",0.123277324251814
2012,"a-p-48","b-p-102",0.15736011816917
2012,"a-p-48","b-p-103",0.202560488428502
2012,"a-p-50","b-p-105",0.476274698109647
2012,"a-p-50","b-p-106",0.291880057449762
2012,"a-p-52","b-p-109",0.342398041319459
2012,"a-p-52","b-p-110",0.252293727024179
2012,"a-p-57","b-p-120",0.223970101610214
2012,"a-p-57","b-p-121",0.280837463289409
2012,"a-p-60","b-p-125",0.354241779181967
2012,"a-p-60","b-p-126",0.25815855891969
2012,"a-p-64","b-p-133",0.302322579627185
2012,"a-p-64","b-p-134",0.246479544687921
2013,"a-k-01","b-k-01",0.278333333333333
2013,"a-k-02","b-k-02",0.136666666666667
2013,"a-k-03","b-k-03",0.703333333333333
2013,"a-k-04","b-k-04",0.475
2013,"a-k-05","b-k-05",0.123333333333333
2013,"a-k-06","b-k-06",0.213333333333333
2013,"a-k-07","b-k-07",0.693333333333333
2013,"a-k-08","b-k-08",0.103333333333333
2013,"a-k-09","b-k-09",0.0333333333333333
2013,"a-k-10","b-k-10",0.245
2013,"a-k-11","b-k-11",0.0533333333333333
2013,"a-k-12","b-k-12",0.581666666666667
2013,"a-k-13","b-k-13",0.518333333333333
2013,"a-k-14","b-k-14",0.0366666666666667
2013,"a-k-15","b-k-15",0.0933333333333333
2013,"a-k-16","b-k-16",0.2
2013,"a-k-21","b-k-21",0.465
2013,"a-k-22","b-k-22",0.305
2013,"a-k-23","b-k-23",0.146666666666667
2013,"a-k-24","b-k-24",0.516666666666667
2013,"a-k-25","b-k-25",0.67
2013,"a-k-26","b-k-26",0.191666666666667
2013,"a-k-27","b-k-27",0.303333333333333
2013,"a-k-28","b-k-28",0.291666666666667
2013,"a-k-29","b-k-29",0.131666666666667
2013,"a-k-30","b-k-30",0.326666666666667
2013,"a-k-31","b-k-31",0.0566666666666667
2013,"a-k-32","b-k-32",0.173333333333333
2013,"a-k-33","b-k-33",0.055
2013,"a-k-34","b-k-34",0.103333333333333
2013,"a-k-35","b-k-35",0.0883333333333333
2013,"a-k-36","b-k-36",0.0266666666666667
2013,"a-k-37","b-k-37",0.74
2013,"a-l-01","b-l-01",0.13125
2013,"a-l-02","b-l-02",0.2875
2013,"a-l-03","b-l-03",0.316666666666667
2013,"a-l-04","b-l-04",0.2
2013,"a-l-05","b-l-05",0.1390625
2013,"a-l-06","b-l-06",0.06875
2013,"a-l-07","b-l-07",0.305357142857143
2013,"a-l-08","b-l-08",0.61875
2013,"a-l-09","b-l-09",0.396875
2013,"a-l-10","b-l-10",0.65625
2013,"a-l-11","b-l-11",0.48125
2014,"a-k-01","b-k-01",0.145
2014,"a-k-02","b-k-02",0.185
2014,"a-k-03","b-k-03",0.598333333333333
2014,"a-k-04","b-k-04",0.546666666666667
2014,"a-k-05","b-k-05",0.148333333333333
2014,"a-k-06","b-k-06",0.123333333333333
2014,"a-k-07","b-k-07",0.371666666666667
2014,"a-k-08","b-k-08",0.143333333333333
2014,"a-k-09","b-k-09",0.0616666666666667
2014,"a-k-10","b-k-10",0.0816666666666667
2014,"a-k-11","b-k-11",0.0383333333333333
2014,"a-k-12","b-k-12",0.315
2014,"a-k-13","b-k-13",0.213333333333333
2014,"a-k-14","b-k-14",0.0283333333333333
2014,"a-k-15","b-k-15",0.0833333333333333
2014,"a-k-16","b-k-16",0.0383333333333333
2014,"a-k-21","b-k-21",0.223333333333333
2014,"a-k-22","b-k-22",0.331666666666667
2014,"a-k-23","b-k-23",0.0966666666666667
2014,"a-k-24","b-k-24",0.506666666666667
2014,"a-k-25","b-k-25",0.565
2014,"a-k-26","b-k-26",0.206666666666667
2014,"a-k-27","b-k-27",0.338333333333333
2014,"a-k-28","b-k-28",0.455
2014,"a-k-29","b-k-29",0.116666666666667
2014,"a-k-30","b-k-30",0.266666666666667
2014,"a-k-31","b-k-31",0.101666666666667
2014,"a-k-32","b-k-32",0.0866666666666667
2014,"a-k-33","b-k-33",0.125
2014,"a-k-34","b-k-34",0.13
2014,"a-k-35","b-k-35",0.116666666666667
2014,"a-k-36","b-k-36",0.123333333333333
2014,"a-k-37","b-k-37",0.451666666666667
2014,"a-l-01","b-l-01",0.05625
2014,"a-l-02","b-l-02",0.15
2014,"a-l-03","b-l-03",0.2
2014,"a-l-04","b-l-04",0.0916666666666667
2014,"a-l-05","b-l-05",0.1671875
2014,"a-l-06","b-l-06",0.05
2014,"a-l-07","b-l-07",0.180357142857143
2014,"a-l-08","b-l-08",0.29375
2014,"a-l-09","b-l-09",0.2953125
2014,"a-l-10","b-l-10",0.69375
2014,"a-l-11","b-l-11",0.43125
2014,"a-p-04","b-p-008",0.151224572011236
2014,"a-p-04","b-p-009",0.316532617300644
2014,"a-p-04","b-p-010",0.185242543378881
2014,"a-p-05","b-p-011",0.270531426370609
2014,"a-p-05","b-p-012",0.134942098328826
2014,"a-p-05","b-p-013",0.236353429234414
2014,"a-p-06","b-p-014",0.109468409162112
2014,"a-p-06","b-p-015",0.0856257642661073
2014,"a-p-06","b-p-016",0.134560140947279
2014,"a-p-07","b-p-017",0.219545343652394
2014,"a-p-07","b-p-018",0.328562679452475
2014,"a-p-07","b-p-019",0.193000335832878
2014,"a-p-09","b-p-023",0.095111968613972
2014,"a-p-10","b-p-024",0.0281155790274448
2014,"a-p-14","b-p-029",0.207283666209549
2014,"a-p-17","b-p-032",0.0447541343924679
2014,"a-p-17","b-p-033",0.0785735140506719
2014,"a-p-18","b-p-035",0.050667818434018
2014,"a-p-22","b-p-040",0.218408117448688
2014,"a-p-22","b-p-041",0.050567751625195
2014,"a-p-22","b-p-042",0.117688522312845
2014,"a-p-32","b-p-066",0.213263427665892
2014,"a-p-32","b-p-067",0.241429256754199
2014,"a-p-33","b-p-068",0.269327591064189
2014,"a-p-33","b-p-069",0.223980344043649
2014,"a-p-34","b-p-070",0.112449698994317
2014,"a-p-34","b-p-071",0.414970869320694
2014,"a-p-35","b-p-072",0.274927705002668
2014,"a-p-35","b-p-073",0.190784984834529
2014,"a-p-36","b-p-074",0.345860855880783
2014,"a-p-36","b-p-075",0.201778528117213
2014,"a-p-36","b-p-076",0.338305524055216
2014,"a-p-38","b-p-079",0.319747338245556
2014,"a-p-38","b-p-080",0.621367915233121
2014,"a-p-38","b-p-081",0.444754743817075
2014,"a-p-39","b-p-082",0.261274533133011
2014,"a-p-39","b-p-083",0.252884197910846
2014,"a-p-39","b-p-085",0.3024375443166
2014,"a-p-42","b-p-090",0.307931038422551
2014,"a-p-42","b-p-091",0.156818534078765
2014,"a-p-44","b-p-093",0.0924679328513805
2014,"a-p-44","b-p-094",0.159786270063374
2014,"a-p-44","b-p-095",0.151295536365444
2014,"a-p-45","b-p-096",0.106452956008496
2014,"a-p-45","b-p-098",0.0841852045102861
2014,"a-p-48","b-p-102",0.0952604355316208
2014,"a-p-48","b-p-103",0.129318441191137
2014,"a-p-50","b-p-105",0.314632849662012
2014,"a-p-50","b-p-106",0.258094687089945
2014,"a-p-57","b-p-120",0.12366346126574
2014,"a-p-57","b-p-121",0.224581040989176
2014,"a-p-60","b-p-125",0.419328661705306
2014,"a-p-60","b-p-126",0.231339365672736
2014,"a-p-64","b-p-133",0.129238339597369
2014,"a-p-64","b-p-134",0.117765080783651
2015,"a-l-01","b-l-01",0.05
2015,"a-l-02","b-l-02",0.04375
2015,"a-l-03","b-l-03",0.13125
2015,"a-l-04","b-l-04",0.0833333333333333
2015,"a-l-05","b-l-05",0.134375
2015,"a-l-06","b-l-06",0.04375
2015,"a-l-07","b-l-07",0.0589285714285714
2015,"a-l-08","b-l-08",0.1875
2015,"a-l-09","b-l-09",0.446875
2015,"a-l-10","b-l-10",0.625
2015,"a-l-11","b-l-11",0.61875
2015,"a-p-04","b-p-008",0.083899923605806
2015,"a-p-04","b-p-009",0.152350721903795
2015,"a-p-04","b-p-010",0.0335305719921105
2015,"a-p-05","b-p-011",0.285341616259668
2015,"a-p-05","b-p-012",0.0840786591415144
2015,"a-p-05","b-p-013",0.252642363051499
2015,"a-p-06","b-p-014",0.0843877843827766
2015,"a-p-06","b-p-015",0.0756482400970981
2015,"a-p-06","b-p-016",0.100793409272205
2015,"a-p-07","b-p-017",0.0672993178636984
2015,"a-p-07","b-p-018",0.126113591136293
2015,"a-p-07","b-p-019",0.0924762627406399
2015,"a-p-09","b-p-022",0.106318356167779
2015,"a-p-09","b-p-023",0.0900373902010128
2015,"a-p-17","b-p-032",0.123324486825779
2015,"a-p-17","b-p-033",0.101201222792208
2015,"a-p-18","b-p-035",0.10668452058401
2015,"a-p-22","b-p-040",0.185300881269356
2015,"a-p-22","b-p-041",0.0337168766874888
2015,"a-p-22","b-p-042",0.067534775214756
2015,"a-p-32","b-p-066",0.0505380615195525
2015,"a-p-32","b-p-067",0.218343703762145
2015,"a-p-33","b-p-068",0.281159238450768
2015,"a-p-33","b-p-069",0.370677913282923
2015,"a-p-34","b-p-070",0.331399687789919
2015,"a-p-34","b-p-071",0.230409227095021
2015,"a-p-35","b-p-072",0.195658862252547
2015,"a-p-35","b-p-073",0.186158912099014
2015,"a-p-36","b-p-074",0.547075530826112
2015,"a-p-36","b-p-075",0.294547149420813
2015,"a-p-36","b-p-076",0.411684080388076
2015,"a-p-38","b-p-079",0.446611154518918
2015,"a-p-38","b-p-080",0.463308433811695
2015,"a-p-38","b-p-081",0.38619637975732
2015,"a-p-39","b-p-082",0.555319892220423
2015,"a-p-39","b-p-083",0.295259461123461
2015,"a-p-39","b-p-085",0.311332061983127
2015,"a-p-42","b-p-090",0.450778740569792
2015,"a-p-42","b-p-091",0.213037630057648
2015,"a-p-44","b-p-093",0.0840708359105365
2015,"a-p-44","b-p-094",0.0671315750444928
2015,"a-p-44","b-p-095",0.0922993579404157
2015,"a-p-45","b-p-096",0.231199680190817
2015,"a-p-45","b-p-098",0.0280138385808489
2015,"a-p-57","b-p-120",0.212845529266319
2015,"a-p-57","b-p-121",0.167846201655797
2015,"a-p-60","b-p-125",0.325560373330289
2015,"a-p-60","b-p-126",0.381015411594034
2015,"a-p-64","b-p-133",0.219115658007382
2015,"a-p-64","b-p-134",0.442533569519391
